KEGG_ID	CoA_names	carnitine_names
C00010	CoA; Coenzyme A; CoA-SH	carnitine; carnitine; carnitine-SH
C00024	Acetyl-CoA; Acetyl coenzyme A; Acetoyl-CoA; Acetyl coenzyme A	Acetyl-carnitine; Acetyl carnitine; Acetoyl-carnitine; Acetyl carnitine
C00040	Acyl-CoA; Acyl coenzyme A; Acoyl-CoA; Acyl coenzyme A	Acyl-carnitine; Acyl carnitine; Acoyl-carnitine; Acyl carnitine
C00083	Malonyl-CoA; Malonyl coenzyme A; Malonoyl-CoA; Malonyl coenzyme A	Malonyl-carnitine; Malonyl carnitine; Malonoyl-carnitine; Malonyl carnitine
C00091	Succinyl-CoA; Succinyl coenzyme A; Succinoyl-CoA; Succinyl coenzyme A	Succinyl-carnitine; Succinyl carnitine; Succinoyl-carnitine; Succinyl carnitine
C00100	Propanoyl-CoA; Propionyl-CoA; Propionyl coenzyme A	Propanoyl-carnitine; Propionyl-carnitine; Propionyl carnitine
C00136	Butanoyl-CoA; Butyryl-CoA	Butanoyl-carnitine; Butyryl-carnitine
C00154	Palmitoyl-CoA; Hexadecanoyl-CoA; Palmityl-CoA; Hexadecanyl-CoA	Palmitoyl-carnitine; Hexadecanoyl-carnitine; Palmityl-carnitine; Hexadecanyl-carnitine
C00223	p-Coumaroyl-CoA; 4-Coumaroyl-CoA; 4-Hydroxycinnamoyl-CoA; trans-4-Coumaroyl-CoA; (E)-4-Coumaroyl-CoA; p-Coumaryl-CoA; 4-Coumaryl-CoA; 4-Hydroxycinnamyl-CoA; trans-4-Coumaryl-CoA; (E)-4-Coumaryl-CoA	p-Coumaroyl-carnitine; 4-Coumaroyl-carnitine; 4-Hydroxycinnamoyl-carnitine; trans-4-Coumaroyl-carnitine; (E)-4-Coumaroyl-carnitine; p-Coumaryl-carnitine; 4-Coumaryl-carnitine; 4-Hydroxycinnamyl-carnitine; trans-4-Coumaryl-carnitine; (E)-4-Coumaryl-carnitine
C00264	3-Oxoacyl-CoA; 3-Oxoacoyl-CoA	3-Oxoacyl-carnitine; 3-Oxoacoyl-carnitine
C00313	Oxalyl-CoA; Oxaloyl-CoA	Oxalyl-carnitine; Oxaloyl-carnitine
C00323	Caffeoyl-CoA; (2E)-3-(3,4-Dihydroxyphenyl)prop-2-enoyl-CoA; Caffeyl-CoA; (2E)-3-(3,4-Dihydroxyphenyl)prop-2-enyl-CoA	Caffeoyl-carnitine; (2E)-3-(3,4-Dihydroxyphenyl)prop-2-enoyl-carnitine; Caffeyl-carnitine; (2E)-3-(3,4-Dihydroxyphenyl)prop-2-enyl-carnitine
C00332	Acetoacetyl-CoA; Acetoacetyl coenzyme A; 3-Acetoacetyl-CoA; Acetoacetoyl-CoA; Acetoacetyl coenzyme A; 3-Acetoacetoyl-CoA	Acetoacetyl-carnitine; Acetoacetyl carnitine; 3-Acetoacetyl-carnitine; Acetoacetoyl-carnitine; Acetoacetyl carnitine; 3-Acetoacetoyl-carnitine
C00356	(S)-3-Hydroxy-3-methylglutaryl-CoA; Hydroxymethylglutaryl-CoA; Hydroxymethylglutaroyl coenzyme A; HMG-CoA; 3-Hydroxy-3-methylglutaryl-CoA; (S)-3-Hydroxy-3-methylglutaroyl-CoA; Hydroxymethylglutaroyl-CoA; Hydroxymethylglutaroyl coenzyme A; HMG-CoA; 3-Hydroxy-3-methylglutaroyl-CoA	(S)-3-Hydroxy-3-methylglutaryl-carnitine; Hydroxymethylglutaryl-carnitine; Hydroxymethylglutaroyl carnitine; HMG-carnitine; 3-Hydroxy-3-methylglutaryl-carnitine; (S)-3-Hydroxy-3-methylglutaroyl-carnitine; Hydroxymethylglutaroyl-carnitine; Hydroxymethylglutaroyl carnitine; HMG-carnitine; 3-Hydroxy-3-methylglutaroyl-carnitine
C00406	Feruloyl-CoA; trans-Feruloyl-CoA; 4-Hydroxy-3-methoxycinnamoyl-CoA; (E)-3-(4-Hydroxy-3-methoxyphenyl)propenoyl-CoA; Ferulyl-CoA; trans-Ferulyl-CoA; 4-Hydroxy-3-methoxycinnamyl-CoA; (E)-3-(4-Hydroxy-3-methoxyphenyl)propenyl-CoA	Feruloyl-carnitine; trans-Feruloyl-carnitine; 4-Hydroxy-3-methoxycinnamoyl-carnitine; (E)-3-(4-Hydroxy-3-methoxyphenyl)propenoyl-carnitine; Ferulyl-carnitine; trans-Ferulyl-carnitine; 4-Hydroxy-3-methoxycinnamyl-carnitine; (E)-3-(4-Hydroxy-3-methoxyphenyl)propenyl-carnitine
C00411	Sinapoyl-CoA; Sinapyl-CoA	Sinapoyl-carnitine; Sinapyl-carnitine
C00412	Stearoyl-CoA; Stearyl-CoA; Stearyl coenzyme A; Octadecanoyl-CoA	Stearoyl-carnitine; Stearyl-carnitine; Stearyl carnitine; Octadecanoyl-carnitine
C00510	Oleoyl-CoA; (9Z)-Octadecenoyl-CoA; Oleyl-CoA; (9Z)-Octadecenyl-CoA	Oleoyl-carnitine; (9Z)-Octadecenoyl-carnitine; Oleyl-carnitine; (9Z)-Octadecenyl-carnitine
C00512	Benzoyl-CoA; S-Benzoyl-coenzyme A; Benzyl-CoA; S-Benzoyl-coenzyme A	Benzoyl-carnitine; S-Benzoyl-carnitine; Benzyl-carnitine; S-Benzoyl-carnitine
C00527	Glutaryl-CoA; Glutaroyl-CoA	Glutaryl-carnitine; Glutaroyl-carnitine
C00531	Itaconyl-CoA; Itaconoyl-CoA	Itaconyl-carnitine; Itaconoyl-carnitine
C00540	Cinnamoyl-CoA; S-(Cinnamoyl) coenzyme A; Cinnamyl-CoA; S-(Cinnamoyl) coenzyme A	Cinnamoyl-carnitine; S-(Cinnamoyl) carnitine; Cinnamyl-carnitine; S-(Cinnamoyl) carnitine
C00566	(3S)-Citryl-CoA; (3S)-Citroyl-CoA	(3S)-Citryl-carnitine; (3S)-Citroyl-carnitine
C00582	Phenylacetyl-CoA; Phenylacetyl coenzyme A; Phenylacetoyl-CoA; Phenylacetyl coenzyme A	Phenylacetyl-carnitine; Phenylacetyl carnitine; Phenylacetoyl-carnitine; Phenylacetyl carnitine
C00605	2,3-Dehydroacyl-CoA; Dehydroacyl-CoA; 2,3-Dehydroacoyl-CoA; Dehydroacoyl-CoA	2,3-Dehydroacyl-carnitine; Dehydroacyl-carnitine; 2,3-Dehydroacoyl-carnitine; Dehydroacoyl-carnitine
C00630	2-Methylpropanoyl-CoA; 2-Methylpropionyl-CoA; Isobutyryl-CoA	2-Methylpropanoyl-carnitine; 2-Methylpropionyl-carnitine; Isobutyryl-carnitine
C00640	(3S)-3-Hydroxyacyl-CoA; (S)-3-Hydroxyacyl-CoA; (3S)-3-Hydroxyacoyl-CoA; (S)-3-Hydroxyacoyl-CoA	(3S)-3-Hydroxyacyl-carnitine; (S)-3-Hydroxyacyl-carnitine; (3S)-3-Hydroxyacoyl-carnitine; (S)-3-Hydroxyacoyl-carnitine
C00658	trans-2,3-Dehydroacyl-CoA; trans-2-Enoyl-CoA; trans-2,3-Didehydroacyl-CoA; trans-Didehydroacyl-CoA; (2E)-2-Enoyl-CoA	trans-2,3-Dehydroacyl-carnitine; trans-2-Enoyl-carnitine; trans-2,3-Didehydroacyl-carnitine; trans-Didehydroacyl-carnitine; (2E)-2-Enoyl-carnitine
C00683	(S)-Methylmalonyl-CoA; (S)-Methylmalonyl-coenzyme A; (2S)-Methylmalonyl-CoA; D-Methylmalonyl-CoA; (S)-Methylmalonoyl-CoA; (S)-Methylmalonyl-coenzyme A; (2S)-Methylmalonoyl-CoA; D-Methylmalonoyl-CoA	(S)-Methylmalonyl-carnitine; (S)-Methylmalonyl-carnitine; (2S)-Methylmalonyl-carnitine; D-Methylmalonyl-carnitine; (S)-Methylmalonoyl-carnitine; (S)-Methylmalonyl-carnitine; (2S)-Methylmalonoyl-carnitine; D-Methylmalonoyl-carnitine
C00798	Formyl-CoA; Formoyl-CoA	Formyl-carnitine; Formoyl-carnitine
C00827	Lactoyl-CoA; Lactyl-CoA	Lactoyl-carnitine; Lactyl-carnitine
C00845	2-Furoyl-CoA; 2-Furyl-CoA	2-Furoyl-carnitine; 2-Furyl-carnitine
C00877	Crotonoyl-CoA; Crotonyl-CoA; 2-Butenoyl-CoA; trans-But-2-enoyl-CoA; But-2-enoyl-CoA; (E)-But-2-enoyl-CoA; (2E)-But-2-enoyl-CoA	Crotonoyl-carnitine; Crotonyl-carnitine; 2-Butenoyl-carnitine; trans-But-2-enoyl-carnitine; But-2-enoyl-carnitine; (E)-But-2-enoyl-carnitine; (2E)-But-2-enoyl-carnitine
C00882	Dephospho-CoA; Dephosphocoenzyme A; 3'-Dephospho-CoA	Dephospho-carnitine; Dephosphocarnitine; 3'-Dephospho-carnitine
C00888	Pentanoyl-CoA; Valeryl-coenzyme A; Pentanyl-CoA; Valeryl-coenzyme A	Pentanoyl-carnitine; Valeryl-carnitine; Pentanyl-carnitine; Valeryl-carnitine
C00894	Propenoyl-CoA; Acryloyl-CoA; Acrylyl-CoA	Propenoyl-carnitine; Acryloyl-carnitine; Acrylyl-carnitine
C00904	Citramalyl-CoA; Citramaloyl-CoA	Citramalyl-carnitine; Citramaloyl-carnitine
C00920	CoA-glutathione; Coenzyme A-glutathione mixed disulfide	carnitine-glutathione; carnitine-glutathione mixed disulfide
C01011	(3S)-Citramalyl-CoA; L-Citramalyl-CoA; (S)-Citramalyl-CoA; (3S)-3-Carboxy-3-hydroxybutanoyl-CoA	(3S)-Citramalyl-carnitine; L-Citramalyl-carnitine; (S)-Citramalyl-carnitine; (3S)-3-Carboxy-3-hydroxybutanoyl-carnitine
C01033	2-Methylbutanoyl-CoA; 2-Methylbutyryl-CoA	2-Methylbutanoyl-carnitine; 2-Methylbutyryl-carnitine
C01063	Pimeloyl-CoA; 6-Carboxyhexanoyl-CoA; Pimelyl-CoA; 6-Carboxyhexanyl-CoA	Pimeloyl-carnitine; 6-Carboxyhexanoyl-carnitine; Pimelyl-carnitine; 6-Carboxyhexanyl-carnitine
C01086	(3R)-3-Hydroxyacyl-CoA; (R)-3-Hydroxyacyl-CoA; (3R)-3-Hydroxyacoyl-CoA; (R)-3-Hydroxyacoyl-CoA	(3R)-3-Hydroxyacyl-carnitine; (R)-3-Hydroxyacyl-carnitine; (3R)-3-Hydroxyacoyl-carnitine; (R)-3-Hydroxyacoyl-carnitine
C01122	cis-2,3-Dehydroacyl-CoA; cis-2,3-Dehydroacoyl-CoA	cis-2,3-Dehydroacyl-carnitine; cis-2,3-Dehydroacoyl-carnitine
C01139	[Acetyl-CoA carboxylase]; [Acetoyl-CoA carboxylase]	[Acetyl-carnitine carboxylase]; [Acetoyl-carnitine carboxylase]
C01144	(S)-3-Hydroxybutanoyl-CoA; (S)-3-Hydroxybutyryl-CoA	(S)-3-Hydroxybutanoyl-carnitine; (S)-3-Hydroxybutyryl-carnitine
C01213	(R)-Methylmalonyl-CoA; L-Methylmalonyl-CoA; (R)-Methylmalonoyl-CoA; L-Methylmalonoyl-CoA	(R)-Methylmalonyl-carnitine; L-Methylmalonyl-carnitine; (R)-Methylmalonoyl-carnitine; L-Methylmalonoyl-carnitine
C01247	[Acetyl-CoA carboxylase] phosphate; [Acetoyl-CoA carboxylase] phosphate	[Acetyl-carnitine carboxylase] phosphate; [Acetoyl-carnitine carboxylase] phosphate
C01291	3-(4-Methylpent-3-en-1-yl)pent-2-enedioyl-CoA; Isohexenyl-glutaconyl-CoA	3-(4-Methylpent-3-en-1-yl)pent-2-enedioyl-carnitine; Isohexenyl-glutaconyl-carnitine
C01794	Choloyl-CoA; 3alpha,7alpha,12alpha-Trihydroxy-5beta-cholanoyl-CoA; 3alpha,7alpha,12alpha-Trihydroxy-5beta-cholan-24-one-CoA; Cholyl-CoA; 3alpha,7alpha,12alpha-Trihydroxy-5beta-cholanyl-CoA; 3alpha,7alpha,12alpha-Trihydroxy-5beta-cholan-24-one-CoA	Choloyl-carnitine; 3alpha,7alpha,12alpha-Trihydroxy-5beta-cholanoyl-carnitine; 3alpha,7alpha,12alpha-Trihydroxy-5beta-cholan-24-one-carnitine; Cholyl-carnitine; 3alpha,7alpha,12alpha-Trihydroxy-5beta-cholanyl-carnitine; 3alpha,7alpha,12alpha-Trihydroxy-5beta-cholan-24-one-carnitine
C01832	Lauroyl-CoA; Lauroyl coenzyme A; Dodecanoyl-CoA; Lauryl-CoA; Lauroyl coenzyme A; Dodecanyl-CoA	Lauroyl-carnitine; Lauroyl carnitine; Dodecanoyl-carnitine; Lauryl-carnitine; Lauroyl carnitine; Dodecanyl-carnitine
C01894	Biotinyl-CoA; Biotinoyl-CoA	Biotinyl-carnitine; Biotinoyl-carnitine
C01920	Geranoyl-CoA; cis-Geranyl-CoA	Geranoyl-carnitine; cis-Geranyl-carnitine
C01942	Nonanoyl-CoA; Nonanyl-CoA	Nonanoyl-carnitine; Nonanyl-carnitine
C01944	Octanoyl-CoA; Octanyl-CoA	Octanoyl-carnitine; Octanyl-carnitine
C02015	CoA-disulfide	carnitine-disulfide
C02030	Farnesoyl-CoA; Farnesyl-CoA	Farnesoyl-carnitine; Farnesyl-carnitine
C02041	Eicosanoyl-CoA; Icosanoyl-CoA; Arachidoyl-CoA; Eicosanyl-CoA; Icosanyl-CoA; Arachidyl-CoA	Eicosanoyl-carnitine; Icosanoyl-carnitine; Arachidoyl-carnitine; Eicosanyl-carnitine; Icosanyl-carnitine; Arachidyl-carnitine
C02050	Linoleoyl-CoA; (9Z,12Z)-Octadecadienoyl-CoA; Linoleyl-CoA; (9Z,12Z)-Octadecadienyl-CoA	Linoleoyl-carnitine; (9Z,12Z)-Octadecadienoyl-carnitine; Linoleyl-carnitine; (9Z,12Z)-Octadecadienyl-carnitine
C02060	Phytanoyl-CoA; Phytanyl-CoA	Phytanoyl-carnitine; Phytanyl-carnitine
C02232	3-Oxoadipyl-CoA; beta-Ketoadipyl-CoA; 3-Oxoadipoyl-CoA; beta-Ketoadipoyl-CoA	3-Oxoadipyl-carnitine; beta-Ketoadipyl-carnitine; 3-Oxoadipoyl-carnitine; beta-Ketoadipoyl-carnitine
C02247	Anthraniloyl-CoA; 2-Aminobenzoyl-CoA; Anthranilyl-CoA; 2-Aminobenzyl-CoA	Anthraniloyl-carnitine; 2-Aminobenzoyl-carnitine; Anthranilyl-carnitine; 2-Aminobenzyl-carnitine
C02249	Arachidonyl-CoA; Arachidonoyl-CoA; (5Z,8Z,11Z,14Z)-Icosatetraenoyl-CoA	Arachidonyl-carnitine; Arachidonoyl-carnitine; (5Z,8Z,11Z,14Z)-Icosatetraenoyl-carnitine
C02331	Vinylacetyl-CoA; 3-Butenoyl-CoA; But-3-enoyl-CoA	Vinylacetyl-carnitine; 3-Butenoyl-carnitine; But-3-enoyl-carnitine
C02335	beta-Alanyl-CoA; beta-Alanoyl-CoA	beta-Alanyl-carnitine; beta-Alanoyl-carnitine
C02411	Glutaconyl-1-CoA; 4-Carboxybut-2-enoyl-CoA; Glutaconyl-CoA; (E)-Glutaconyl-CoA; (2E)-4-Carboxybut-2-enoyl-CoA	Glutaconyl-1-carnitine; 4-Carboxybut-2-enoyl-carnitine; Glutaconyl-carnitine; (E)-Glutaconyl-carnitine; (2E)-4-Carboxybut-2-enoyl-carnitine
C02451	Pent-2-enoyl-CoA; Pent-2-enyl-CoA	Pent-2-enoyl-carnitine; Pent-2-enyl-carnitine
C02557	Methylmalonyl-CoA; Methylmalonyl coenzyme A; 2-Methylmalonyl-CoA; Methylmalonoyl-CoA; Methylmalonyl coenzyme A; 2-Methylmalonoyl-CoA	Methylmalonyl-carnitine; Methylmalonyl carnitine; 2-Methylmalonyl-carnitine; Methylmalonoyl-carnitine; Methylmalonyl carnitine; 2-Methylmalonoyl-carnitine
C02577	Phenoxyacetyl-CoA; Phenoxyacetoyl-CoA	Phenoxyacetyl-carnitine; Phenoxyacetoyl-carnitine
C02593	Tetradecanoyl-CoA; Myristoyl-CoA; Tetradecanyl-CoA; Myristyl-CoA	Tetradecanoyl-carnitine; Myristoyl-carnitine; Tetradecanyl-carnitine; Myristyl-carnitine
C02611	(E,E)-Piperoyl-CoA; (E,E)-Piperyl-CoA	(E,E)-Piperoyl-carnitine; (E,E)-Piperyl-carnitine
C02784	2-Fluorobenzoyl-CoA; 2-Fluorobenzyl-CoA	2-Fluorobenzoyl-carnitine; 2-Fluorobenzyl-carnitine
C02792	3-Fluorobenzoyl-CoA; 3-Fluorobenzyl-CoA	3-Fluorobenzoyl-carnitine; 3-Fluorobenzyl-carnitine
C02801	4-Aminobutanoyl-CoA; 4-Aminobutanyl-CoA	4-Aminobutanoyl-carnitine; 4-Aminobutanyl-carnitine
C02802	4-Fluorobenzoyl-CoA; 4-Fluorobenzyl-CoA	4-Fluorobenzoyl-carnitine; 4-Fluorobenzyl-carnitine
C02843	Long-chain acyl-CoA; Long-chain-fatty acyl-CoA; Long-chain acoyl-CoA; Long-chain-fatty acoyl-CoA	Long-chain acyl-carnitine; Long-chain-fatty acyl-carnitine; Long-chain acoyl-carnitine; Long-chain-fatty acoyl-carnitine
C02939	3-Methylbutanoyl-CoA; Isovaleryl-CoA	3-Methylbutanoyl-carnitine; Isovaleryl-carnitine
C02944	3-cis-Dodecenoyl-CoA; 3-cis-Dodecenoyl coenzyme A; (3Z)-Dodecenoyl-CoA; (3Z)-Dodec-3-enoyl-CoA; 3-cis-Dodecenyl-CoA; 3-cis-Dodecenoyl coenzyme A; (3Z)-Dodecenyl-CoA; (3Z)-Dodec-3-enyl-CoA	3-cis-Dodecenoyl-carnitine; 3-cis-Dodecenoyl carnitine; (3Z)-Dodecenoyl-carnitine; (3Z)-Dodec-3-enoyl-carnitine; 3-cis-Dodecenyl-carnitine; 3-cis-Dodecenoyl carnitine; (3Z)-Dodecenyl-carnitine; (3Z)-Dodec-3-enyl-carnitine
C02949	4-Hydroxybenzoyl-CoA; 4-Hydroxybenzyl-CoA	4-Hydroxybenzoyl-carnitine; 4-Hydroxybenzyl-carnitine
C03035	gamma-Linolenoyl-CoA; (6Z,9Z,12Z)-Octadecatrienoyl-CoA; gamma-Linolenyl-CoA; (6Z,9Z,12Z)-Octadecatrienyl-CoA	gamma-Linolenoyl-carnitine; (6Z,9Z,12Z)-Octadecatrienoyl-carnitine; gamma-Linolenyl-carnitine; (6Z,9Z,12Z)-Octadecatrienyl-carnitine
C03058	2-Hydroxyglutaryl-CoA; 2-Hydroxyglutaroyl-CoA	2-Hydroxyglutaryl-carnitine; 2-Hydroxyglutaroyl-carnitine
C03069	3-Methylcrotonyl-CoA; 3-Methylbut-2-enoyl-CoA; 3-Methylcrotonoyl-CoA; Dimethylacryloyl-CoA	3-Methylcrotonyl-carnitine; 3-Methylbut-2-enoyl-carnitine; 3-Methylcrotonoyl-carnitine; Dimethylacryloyl-carnitine
C03160	2-Succinylbenzoyl-CoA; o-Succinylbenzoyl-CoA; Succinylbenzoyl-CoA; 4-(2-Carboxyphenyl)-4-oxobutanoyl-CoA; 2-Succinylbenzyl-CoA; o-Succinylbenzyl-CoA; Succinylbenzyl-CoA; 4-(2-Carboxyphenyl)-4-oxobutanyl-CoA	2-Succinylbenzoyl-carnitine; o-Succinylbenzoyl-carnitine; Succinylbenzoyl-carnitine; 4-(2-Carboxyphenyl)-4-oxobutanoyl-carnitine; 2-Succinylbenzyl-carnitine; o-Succinylbenzyl-carnitine; Succinylbenzyl-carnitine; 4-(2-Carboxyphenyl)-4-oxobutanyl-carnitine
C03188	omega-Carboxyacyl-CoA; omega-Carboxyacoyl-CoA	omega-Carboxyacyl-carnitine; omega-Carboxyacoyl-carnitine
C03221	2-trans-Dodecenoyl-CoA; (2E)-Dodec-2-enoyl-CoA; (2E)-Dodecenoyl-CoA; 2-trans-Dodecenyl-CoA; (2E)-Dodec-2-enyl-CoA; (2E)-Dodecenyl-CoA	2-trans-Dodecenoyl-carnitine; (2E)-Dodec-2-enoyl-carnitine; (2E)-Dodecenoyl-carnitine; 2-trans-Dodecenyl-carnitine; (2E)-Dodec-2-enyl-carnitine; (2E)-Dodecenyl-carnitine
C03231	3-Methylglutaconyl-CoA; trans-3-Methylglutaconyl-CoA; (E)-3-Methylglutaconyl-1-CoA; 3-Methylglutaconoyl-CoA; trans-3-Methylglutaconoyl-CoA; (E)-3-Methylglutaconyl-1-CoA	3-Methylglutaconyl-carnitine; trans-3-Methylglutaconyl-carnitine; (E)-3-Methylglutaconyl-1-carnitine; 3-Methylglutaconoyl-carnitine; trans-3-Methylglutaconoyl-carnitine; (E)-3-Methylglutaconyl-1-carnitine
C03237	5-Hydroxypentanoyl-CoA; 5-Hydroxypentanyl-CoA	5-Hydroxypentanoyl-carnitine; 5-Hydroxypentanyl-carnitine
C03344	2-Methylacetoacetyl-CoA; 2-Methyl-3-acetoacetyl-CoA; 2-Methylacetoacetoyl-CoA; 2-Methyl-3-acetoacetoyl-CoA	2-Methylacetoacetyl-carnitine; 2-Methyl-3-acetoacetyl-carnitine; 2-Methylacetoacetoyl-carnitine; 2-Methyl-3-acetoacetoyl-carnitine
C03345	2-Methylbut-2-enoyl-CoA; trans-2-Methylbut-2-enoyl-CoA; (E)-2-Methylbut-2-enoyl-CoA; Tiglyl-CoA; (E)-2-Methylcrotonoyl-CoA; Methylcrotonoyl-CoA; Methylcrotonyl-CoA; Tigloyl-CoA; 2-Methylcrotanoyl-CoA	2-Methylbut-2-enoyl-carnitine; trans-2-Methylbut-2-enoyl-carnitine; (E)-2-Methylbut-2-enoyl-carnitine; Tiglyl-carnitine; (E)-2-Methylcrotonoyl-carnitine; Methylcrotonoyl-carnitine; Methylcrotonyl-carnitine; Tigloyl-carnitine; 2-Methylcrotanoyl-carnitine
C03357	4-Acetamidobutanoyl-CoA; 4-Acetamidobutanyl-CoA	4-Acetamidobutanoyl-carnitine; 4-Acetamidobutanyl-carnitine
C03460	2-Methylprop-2-enoyl-CoA; Methacrylyl-CoA; Methylacrylyl-CoA	2-Methylprop-2-enoyl-carnitine; Methacrylyl-carnitine; Methylacrylyl-carnitine
C03466	3-Methylbut-3-enoyl-CoA; 3-Methyl-vinylacetyl-CoA	3-Methylbut-3-enoyl-carnitine; 3-Methyl-vinylacetyl-carnitine
C03561	(R)-3-Hydroxybutanoyl-CoA; (3R)-3-Hydroxybutanoyl-CoA; (R)-3-Hydroxybutanyl-CoA; (3R)-3-Hydroxybutanyl-CoA	(R)-3-Hydroxybutanoyl-carnitine; (3R)-3-Hydroxybutanoyl-carnitine; (R)-3-Hydroxybutanyl-carnitine; (3R)-3-Hydroxybutanyl-carnitine
C03595	8,11,14-Eicosatrienoyl-CoA; 8,11,14-Icosatrienoyl-CoA; (8Z,11Z,14Z)-Icosatrienoyl-CoA; (8Z,11Z,14Z)-Icosa-8,11,14-trienoyl-CoA; 8,11,14-Eicosatrienyl-CoA; 8,11,14-Icosatrienyl-CoA; (8Z,11Z,14Z)-Icosatrienyl-CoA; (8Z,11Z,14Z)-Icosa-8,11,14-trienyl-CoA	8,11,14-Eicosatrienoyl-carnitine; 8,11,14-Icosatrienoyl-carnitine; (8Z,11Z,14Z)-Icosatrienoyl-carnitine; (8Z,11Z,14Z)-Icosa-8,11,14-trienoyl-carnitine; 8,11,14-Eicosatrienyl-carnitine; 8,11,14-Icosatrienyl-carnitine; (8Z,11Z,14Z)-Icosatrienyl-carnitine; (8Z,11Z,14Z)-Icosa-8,11,14-trienyl-carnitine
C03685	7-Methyl-3-oxooctanoyl-CoA; 7-Methyl-3-oxooctanyl-CoA	7-Methyl-3-oxooctanoyl-carnitine; 7-Methyl-3-oxooctanyl-carnitine
C03724	S-(5-Hydroxy-2-furoyl)-CoA	S-(5-Hydroxy-2-furoyl)-carnitine
C04013	Multi-methyl-branched acyl-CoA; Multi-methyl-branched acoyl-CoA	Multi-methyl-branched acyl-carnitine; Multi-methyl-branched acoyl-carnitine
C04047	3-Hydroxy-2-methylpropanoyl-CoA; 3-Hydroxy-2-methylpropionyl-CoA; 3-Hydroxyisobutyryl-CoA; 3-Hydroxyisobutyryl coenzyme A	3-Hydroxy-2-methylpropanoyl-carnitine; 3-Hydroxy-2-methylpropionyl-carnitine; 3-Hydroxyisobutyryl-carnitine; 3-Hydroxyisobutyryl carnitine
C04316	(1-Hydroxycyclohexan-1-yl)acetyl-CoA; (1-Hydroxycyclohexan-1-yl)acetoyl-CoA	(1-Hydroxycyclohexan-1-yl)acetyl-carnitine; (1-Hydroxycyclohexan-1-yl)acetoyl-carnitine
C04348	L-Malyl-CoA; (S)-Malyl-CoA; Malyl-CoA; (3S)-3-Carboxy-3-hydroxypropanoyl-CoA; (3S)-3-Carboxy-3-hydroxypropionyl-CoA	L-Malyl-carnitine; (S)-Malyl-carnitine; Malyl-carnitine; (3S)-3-Carboxy-3-hydroxypropanoyl-carnitine; (3S)-3-Carboxy-3-hydroxypropionyl-carnitine
C04405	(2S,3S)-3-Hydroxy-2-methylbutanoyl-CoA; (S)-3-Hydroxy-2-methylbutyryl-CoA	(2S,3S)-3-Hydroxy-2-methylbutanoyl-carnitine; (S)-3-Hydroxy-2-methylbutyryl-carnitine
C04512	(2E,4E)-2,4-Dienoyl-CoA; trans,trans-2,3,4,5-Tetradehydroacyl-CoA	(2E,4E)-2,4-Dienoyl-carnitine; trans,trans-2,3,4,5-Tetradehydroacyl-carnitine
C04632	[Hydroxymethylglutaryl-CoA reductase (NADPH)]; [Hydroxymethylglutaroyl-CoA reductase (NADPH)]	[Hydroxymethylglutaryl-carnitine reductase (NADPH)]; [Hydroxymethylglutaroyl-carnitine reductase (NADPH)]
C04644	3alpha,7alpha-Dihydroxy-5beta-cholestanoyl-CoA; 3alpha,7alpha-Dihydroxy-5beta-cholestanyl-CoA	3alpha,7alpha-Dihydroxy-5beta-cholestanoyl-carnitine; 3alpha,7alpha-Dihydroxy-5beta-cholestanyl-carnitine
C04675	3-Hydroxy-3-(4-methylpent-3-en-1-yl)glutaryl-CoA; 3-Hydroxy-3-isohexeneylglutaryl-CoA; 3-Hydroxy-3-(4-methylpent-3-en-1-yl)glutaroyl-CoA; 3-Hydroxy-3-isohexeneylglutaroyl-CoA	3-Hydroxy-3-(4-methylpent-3-en-1-yl)glutaryl-carnitine; 3-Hydroxy-3-isohexeneylglutaryl-carnitine; 3-Hydroxy-3-(4-methylpent-3-en-1-yl)glutaroyl-carnitine; 3-Hydroxy-3-isohexeneylglutaroyl-carnitine
C04681	[Acetyl-CoA:carbon-dioxide ligase (ADP-forming)]; Holo-[acetyl-CoA:carbon-dioxide ligase (ADP-forming)]; Biotin-[acetyl-CoA:carbon-dioxide ligase (ADP-forming)]; Holo-[acetyl-CoA carboxylase]; Biotin-[acetyl-CoA carboxylase]; [Acetoyl-CoA:carbon-dioxide ligase (ADP-forming)]; Holo-[acetoyl-CoA:carbon-dioxide ligase (ADP-forming)]; Biotin-[acetoyl-CoA:carbon-dioxide ligase (ADP-forming)]; Holo-[acetoyl-CoA carboxylase]; Biotin-[acetoyl-CoA carboxylase]	[Acetyl-carnitine:carbon-dioxide ligase (ADP-forming)]; Holo-[acetyl-carnitine:carbon-dioxide ligase (ADP-forming)]; Biotin-[acetyl-carnitine:carbon-dioxide ligase (ADP-forming)]; Holo-[acetyl-carnitine carboxylase]; Biotin-[acetyl-carnitine carboxylase]; [Acetoyl-carnitine:carbon-dioxide ligase (ADP-forming)]; Holo-[acetoyl-carnitine:carbon-dioxide ligase (ADP-forming)]; Biotin-[acetoyl-carnitine:carbon-dioxide ligase (ADP-forming)]; Holo-[acetoyl-carnitine carboxylase]; Biotin-[acetoyl-carnitine carboxylase]
C04682	[Methylmalonyl-CoA:pyruvate carboxytransferase]; Holo-[methylmalonyl-CoA:pyruvate carboxytransferase]; Biotin-[methylmalonyl-CoA:pyruvate carboxytransferase]; Holo-[methylmalonyl-CoA-carboxyltransferase]; Biotin-[methylmalonyl-CoA-carboxyltransferase]; [Methylmalonoyl-CoA:pyruvate carboxytransferase]; Holo-[methylmalonoyl-CoA:pyruvate carboxytransferase]; Biotin-[methylmalonoyl-CoA:pyruvate carboxytransferase]; Holo-[methylmalonoyl-CoA-carboxyltransferase]; Biotin-[methylmalonoyl-CoA-carboxyltransferase]	[Methylmalonyl-carnitine:pyruvate carboxytransferase]; Holo-[methylmalonyl-carnitine:pyruvate carboxytransferase]; Biotin-[methylmalonyl-carnitine:pyruvate carboxytransferase]; Holo-[methylmalonyl-carnitine-carboxyltransferase]; Biotin-[methylmalonyl-carnitine-carboxyltransferase]; [Methylmalonoyl-carnitine:pyruvate carboxytransferase]; Holo-[methylmalonoyl-carnitine:pyruvate carboxytransferase]; Biotin-[methylmalonoyl-carnitine:pyruvate carboxytransferase]; Holo-[methylmalonoyl-carnitine-carboxyltransferase]; Biotin-[methylmalonoyl-carnitine-carboxyltransferase]
C04727	[Propionyl-CoA:carbon-dioxide ligase (ADP-forming)]; [Propanoyl-CoA:carbon-dioxide ligase (ADP-forming)]; Holo-[propionyl-CoA:carbon-dioxide ligase (ADP-forming)]; Biotin-[propionyl-CoA:carbon-dioxide ligase (ADP-forming)]; Holo-[propionyl-CoA-carboxylase (ATP-hydrolysing)]; Biotin-[propionyl-CoA-carboxylase (ATP-hydrolysing)]	[Propionyl-carnitine:carbon-dioxide ligase (ADP-forming)]; [Propanoyl-carnitine:carbon-dioxide ligase (ADP-forming)]; Holo-[propionyl-carnitine:carbon-dioxide ligase (ADP-forming)]; Biotin-[propionyl-carnitine:carbon-dioxide ligase (ADP-forming)]; Holo-[propionyl-carnitine-carboxylase (ATP-hydrolysing)]; Biotin-[propionyl-carnitine-carboxylase (ATP-hydrolysing)]
C04735	Apo-[acetyl-CoA:carbon-dioxide ligase (ADP-forming)]; Apo-[acetyl-CoA carboxylase]; Apo-[acetoyl-CoA:carbon-dioxide ligase (ADP-forming)]; Apo-[acetoyl-CoA carboxylase]	Apo-[acetyl-carnitine:carbon-dioxide ligase (ADP-forming)]; Apo-[acetyl-carnitine carboxylase]; Apo-[acetoyl-carnitine:carbon-dioxide ligase (ADP-forming)]; Apo-[acetoyl-carnitine carboxylase]
C04736	Apo-[methylmalonyl-CoA:pyruvate carboxytransferase]; Apo-[methylmalonyl-CoA-carboxyltransferase]; Apo-[methylmalonoyl-CoA:pyruvate carboxytransferase]; Apo-[methylmalonoyl-CoA-carboxyltransferase]	Apo-[methylmalonyl-carnitine:pyruvate carboxytransferase]; Apo-[methylmalonyl-carnitine-carboxyltransferase]; Apo-[methylmalonoyl-carnitine:pyruvate carboxytransferase]; Apo-[methylmalonoyl-carnitine-carboxyltransferase]
C04749	[[Hydroxymethylglutaryl-CoA reductase (NADPH)]kinase]; [[Hydroxymethylglutaroyl-CoA reductase (NADPH)]kinase]	[[Hydroxymethylglutaryl-carnitine reductase (NADPH)]kinase]; [[Hydroxymethylglutaroyl-carnitine reductase (NADPH)]kinase]
C04760	3alpha,7alpha,12alpha-Trihydroxy-5beta-cholestanoyl-CoA; 3alpha,7alpha,12alpha-Trihydroxy-5beta-cholestanyl-CoA	3alpha,7alpha,12alpha-Trihydroxy-5beta-cholestanoyl-carnitine; 3alpha,7alpha,12alpha-Trihydroxy-5beta-cholestanyl-carnitine
C04763	Apo-[propionyl-CoA:carbon-dioxide ligase (ADP-forming)]; Apo-[propionyl-CoA-carboxylase (ATP-hydrolysing)]; Apo-[propionoyl-CoA:carbon-dioxide ligase (ADP-forming)]; Apo-[propionoyl-CoA-carboxylase (ATP-hydrolysing)]	Apo-[propionyl-carnitine:carbon-dioxide ligase (ADP-forming)]; Apo-[propionyl-carnitine-carboxylase (ATP-hydrolysing)]; Apo-[propionoyl-carnitine:carbon-dioxide ligase (ADP-forming)]; Apo-[propionoyl-carnitine-carboxylase (ATP-hydrolysing)]
C04768	[Hydroxymethylglutaryl-CoA reductase (NADPH)] phosphate; [Hydroxymethylglutaroyl-CoA reductase (NADPH)] phosphate	[Hydroxymethylglutaryl-carnitine reductase (NADPH)] phosphate; [Hydroxymethylglutaroyl-carnitine reductase (NADPH)] phosphate
C04801	[3-Methylcrotonoyl-CoA:carbon-dioxide ligase (ADP-forming)]; Holo-[3-methylcrotonoyl-CoA:carbon-dioxide ligase (ADP-forming)]; Biotin-[3-methylcrotonoyl-CoA:carbon-dioxide ligase (ADP-forming)]; Holo-[methylcrotonoyl-CoA-carboxylase]; Biotin-[methylcrotonoyl-CoA-carboxylase]; [3-Methylcrotonyl-CoA:carbon-dioxide ligase (ADP-forming)]; Holo-[3-methylcrotonyl-CoA:carbon-dioxide ligase (ADP-forming)]; Biotin-[3-methylcrotonyl-CoA:carbon-dioxide ligase (ADP-forming)]; Holo-[methylcrotonyl-CoA-carboxylase]; Biotin-[methylcrotonyl-CoA-carboxylase]	[3-Methylcrotonoyl-carnitine:carbon-dioxide ligase (ADP-forming)]; Holo-[3-methylcrotonoyl-carnitine:carbon-dioxide ligase (ADP-forming)]; Biotin-[3-methylcrotonoyl-carnitine:carbon-dioxide ligase (ADP-forming)]; Holo-[methylcrotonoyl-carnitine-carboxylase]; Biotin-[methylcrotonoyl-carnitine-carboxylase]; [3-Methylcrotonyl-carnitine:carbon-dioxide ligase (ADP-forming)]; Holo-[3-methylcrotonyl-carnitine:carbon-dioxide ligase (ADP-forming)]; Biotin-[3-methylcrotonyl-carnitine:carbon-dioxide ligase (ADP-forming)]; Holo-[methylcrotonyl-carnitine-carboxylase]; Biotin-[methylcrotonyl-carnitine-carboxylase]
C04816	Dephospho-[[hydroxymethylglutaryl-CoA reductase (NADPH)]kinase]; Dephospho-[[hydroxymethylglutaroyl-CoA reductase (NADPH)]kinase]	Dephospho-[[hydroxymethylglutaryl-carnitine reductase (NADPH)]kinase]; Dephospho-[[hydroxymethylglutaroyl-carnitine reductase (NADPH)]kinase]
C04827	Apo-[3-methylcrotonoyl-CoA:carbon-dioxide ligase (ADP-forming)]; Apo-[methylcrotonoyl-CoA-carboxylase]; Apo-[3-methylcrotonyl-CoA:carbon-dioxide ligase (ADP-forming)]; Apo-[methylcrotonyl-CoA-carboxylase]	Apo-[3-methylcrotonoyl-carnitine:carbon-dioxide ligase (ADP-forming)]; Apo-[methylcrotonoyl-carnitine-carboxylase]; Apo-[3-methylcrotonyl-carnitine:carbon-dioxide ligase (ADP-forming)]; Apo-[methylcrotonyl-carnitine-carboxylase]
C05057	cis-3-Enoyl-CoA; cis-3-Enyl-CoA	cis-3-Enoyl-carnitine; cis-3-Enyl-carnitine
C05067	(3E)-3-Enoyl-CoA; trans-3-Enoyl-CoA; (3E)-3-Enyl-CoA; trans-3-Enyl-CoA	(3E)-3-Enoyl-carnitine; trans-3-Enoyl-carnitine; (3E)-3-Enyl-carnitine; trans-3-Enyl-carnitine
C05116	3-Hydroxybutanoyl-CoA; 3-Hydroxybutyryl-CoA	3-Hydroxybutanoyl-carnitine; 3-Hydroxybutyryl-carnitine
C05117	3-Aminobutanoyl-CoA; 3-Aminobutyryl-CoA	3-Aminobutanoyl-carnitine; 3-Aminobutyryl-carnitine
C05165	2-Amino-5-oxocyclohex-1-enecarbonyl-CoA; 2-Amino-5-oxocyclohex-1-enecarboxyl-CoA; 2-Amino-5-oxocyclohex-1-enecarbonoyl-CoA; 2-Amino-5-oxocyclohex-1-enecarboxoyl-CoA	2-Amino-5-oxocyclohex-1-enecarbonyl-carnitine; 2-Amino-5-oxocyclohex-1-enecarboxyl-carnitine; 2-Amino-5-oxocyclohex-1-enecarbonoyl-carnitine; 2-Amino-5-oxocyclohex-1-enecarboxoyl-carnitine
C05195	3-Hydroxybenzoyl-CoA; 3-Hydroxybenzyl-CoA	3-Hydroxybenzoyl-carnitine; 3-Hydroxybenzyl-carnitine
C05231	L-3-Aminobutyryl-CoA; L-3-Aminobutanoyl-CoA	L-3-Aminobutyryl-carnitine; L-3-Aminobutanoyl-carnitine
C05232	(2S)-2-Methylacyl-CoA; (2S)-2-Methylacoyl-CoA	(2S)-2-Methylacyl-carnitine; (2S)-2-Methylacoyl-carnitine
C05258	(S)-3-Hydroxyhexadecanoyl-CoA; (S)-3-Hydroxyhexadecanyl-CoA	(S)-3-Hydroxyhexadecanoyl-carnitine; (S)-3-Hydroxyhexadecanyl-carnitine
C05259	3-Oxopalmitoyl-CoA; 3-Ketopalmitoyl-CoA; 3-Oxohexadecanoyl-CoA; 3-Oxopalmityl-CoA; 3-Ketopalmityl-CoA; 3-Oxohexadecanyl-CoA	3-Oxopalmitoyl-carnitine; 3-Ketopalmitoyl-carnitine; 3-Oxohexadecanoyl-carnitine; 3-Oxopalmityl-carnitine; 3-Ketopalmityl-carnitine; 3-Oxohexadecanyl-carnitine
C05260	(S)-3-Hydroxytetradecanoyl-CoA; (S)-3-Hydroxytetradecanyl-CoA	(S)-3-Hydroxytetradecanoyl-carnitine; (S)-3-Hydroxytetradecanyl-carnitine
C05261	3-Oxotetradecanoyl-CoA; 3-Oxotetradecanyl-CoA	3-Oxotetradecanoyl-carnitine; 3-Oxotetradecanyl-carnitine
C05262	(S)-3-Hydroxydodecanoyl-CoA; (S)-3-Hydroxydodecanyl-CoA	(S)-3-Hydroxydodecanoyl-carnitine; (S)-3-Hydroxydodecanyl-carnitine
C05263	3-Oxododecanoyl-CoA; 3-Oxododecanyl-CoA	3-Oxododecanoyl-carnitine; 3-Oxododecanyl-carnitine
C05264	(S)-Hydroxydecanoyl-CoA; (S)-3-Hydroxydecanoyl-CoA; (S)-Hydroxydecanyl-CoA; (S)-3-Hydroxydecanyl-CoA	(S)-Hydroxydecanoyl-carnitine; (S)-3-Hydroxydecanoyl-carnitine; (S)-Hydroxydecanyl-carnitine; (S)-3-Hydroxydecanyl-carnitine
C05265	3-Oxodecanoyl-CoA; 3-Oxodecanyl-CoA	3-Oxodecanoyl-carnitine; 3-Oxodecanyl-carnitine
C05266	(S)-3-Hydroxyoctanoyl-CoA; (S)-3-Hydroxycapryloyl-CoA; (S)-Hydroxyoctanoyl-CoA; (S)-3-Hydroxyoctanyl-CoA; (S)-3-Hydroxycaprylyl-CoA; (S)-Hydroxyoctanyl-CoA	(S)-3-Hydroxyoctanoyl-carnitine; (S)-3-Hydroxycapryloyl-carnitine; (S)-Hydroxyoctanoyl-carnitine; (S)-3-Hydroxyoctanyl-carnitine; (S)-3-Hydroxycaprylyl-carnitine; (S)-Hydroxyoctanyl-carnitine
C05267	3-Oxooctanoyl-CoA; 3-Oxooctanyl-CoA	3-Oxooctanoyl-carnitine; 3-Oxooctanyl-carnitine
C05268	(S)-Hydroxyhexanoyl-CoA; (S)-3-Hydroxyhexanoyl-CoA; (S)-Hydroxyhexanyl-CoA; (S)-3-Hydroxyhexanyl-CoA	(S)-Hydroxyhexanoyl-carnitine; (S)-3-Hydroxyhexanoyl-carnitine; (S)-Hydroxyhexanyl-carnitine; (S)-3-Hydroxyhexanyl-carnitine
C05269	3-Oxohexanoyl-CoA; 3-Ketohexanoyl-CoA; 3-Oxohexanyl-CoA; 3-Ketohexanyl-CoA	3-Oxohexanoyl-carnitine; 3-Ketohexanoyl-carnitine; 3-Oxohexanyl-carnitine; 3-Ketohexanyl-carnitine
C05270	Hexanoyl-CoA; Hexanyl-CoA	Hexanoyl-carnitine; Hexanyl-carnitine
C05271	trans-Hex-2-enoyl-CoA; (2E)-Hexenoyl-CoA; trans-Hex-2-enyl-CoA; (2E)-Hexenyl-CoA	trans-Hex-2-enoyl-carnitine; (2E)-Hexenoyl-carnitine; trans-Hex-2-enyl-carnitine; (2E)-Hexenyl-carnitine
C05272	trans-Hexadec-2-enoyl-CoA; trans-2-Hexadecenoyl-CoA; (2E)-Hexadecenoyl-CoA; trans-Hexadec-2-enyl-CoA; trans-2-Hexadecenyl-CoA; (2E)-Hexadecenyl-CoA	trans-Hexadec-2-enoyl-carnitine; trans-2-Hexadecenoyl-carnitine; (2E)-Hexadecenoyl-carnitine; trans-Hexadec-2-enyl-carnitine; trans-2-Hexadecenyl-carnitine; (2E)-Hexadecenyl-carnitine
C05273	trans-Tetradec-2-enoyl-CoA; (2E)-Tetradecenoyl-CoA; trans-Tetradec-2-enyl-CoA; (2E)-Tetradecenyl-CoA	trans-Tetradec-2-enoyl-carnitine; (2E)-Tetradecenoyl-carnitine; trans-Tetradec-2-enyl-carnitine; (2E)-Tetradecenyl-carnitine
C05274	Decanoyl-CoA; Decanyl-CoA	Decanoyl-carnitine; Decanyl-carnitine
C05275	trans-Dec-2-enoyl-CoA; (2E)-Decenoyl-CoA; trans-Dec-2-enyl-CoA; (2E)-Decenyl-CoA	trans-Dec-2-enoyl-carnitine; (2E)-Decenoyl-carnitine; trans-Dec-2-enyl-carnitine; (2E)-Decenyl-carnitine
C05276	trans-Oct-2-enoyl-CoA; (2E)-Octenoyl-CoA; trans-Oct-2-enyl-CoA; (2E)-Octenyl-CoA	trans-Oct-2-enoyl-carnitine; (2E)-Octenoyl-carnitine; trans-Oct-2-enyl-carnitine; (2E)-Octenyl-carnitine
C05278	(R)-3-Hydroxyoctanoyl-CoA; (R)-3-Hydroxycapryloyl-CoA; (R)-3-Hydroxyoctanyl-CoA; (R)-3-Hydroxycaprylyl-CoA	(R)-3-Hydroxyoctanoyl-carnitine; (R)-3-Hydroxycapryloyl-carnitine; (R)-3-Hydroxyoctanyl-carnitine; (R)-3-Hydroxycaprylyl-carnitine
C05279	trans,cis-Lauro-2,6-dienoyl-CoA; (2E,6Z)-Dodecadienoyl-CoA; trans,cis-Lauro-2,6-dienyl-CoA; (2E,6Z)-Dodecadienyl-CoA	trans,cis-Lauro-2,6-dienoyl-carnitine; (2E,6Z)-Dodecadienoyl-carnitine; trans,cis-Lauro-2,6-dienyl-carnitine; (2E,6Z)-Dodecadienyl-carnitine
C05280	cis,cis-3,6-Dodecadienoyl-CoA; (3Z,6Z)-Dodecadienoyl-CoA; cis,cis-3,6-Dodecadienyl-CoA; (3Z,6Z)-Dodecadienyl-CoA	cis,cis-3,6-Dodecadienoyl-carnitine; (3Z,6Z)-Dodecadienoyl-carnitine; cis,cis-3,6-Dodecadienyl-carnitine; (3Z,6Z)-Dodecadienyl-carnitine
C05329	(2R)-2-Methylacyl-CoA; (2R)-2-Methylacoyl-CoA	(2R)-2-Methylacyl-carnitine; (2R)-2-Methylacoyl-carnitine
C05337	Chenodeoxycholoyl-CoA; 3alpha,7alpha-Dihydroxy-5beta-cholanoyl-CoA; Chenodeoxycholyl-CoA; 3alpha,7alpha-Dihydroxy-5beta-cholanyl-CoA	Chenodeoxycholoyl-carnitine; 3alpha,7alpha-Dihydroxy-5beta-cholanoyl-carnitine; Chenodeoxycholyl-carnitine; 3alpha,7alpha-Dihydroxy-5beta-cholanyl-carnitine
C05338	4-Hydroxyphenylacetyl-CoA; 4-Hydroxyphenylacetoyl-CoA	4-Hydroxyphenylacetyl-carnitine; 4-Hydroxyphenylacetoyl-carnitine
C05447	(24E)-3alpha,7alpha-Dihydroxy-5beta-cholest-24-enoyl-CoA; (24E)-3alpha,7alpha-Dihydroxy-5beta-cholest-24-en-26-oyl-CoA; (24E)-3alpha,7alpha-Dihydroxy-5beta-cholest-24-enyl-CoA; (24E)-3alpha,7alpha-Dihydroxy-5beta-cholest-24-en-26-yl-CoA	(24E)-3alpha,7alpha-Dihydroxy-5beta-cholest-24-enoyl-carnitine; (24E)-3alpha,7alpha-Dihydroxy-5beta-cholest-24-en-26-oyl-carnitine; (24E)-3alpha,7alpha-Dihydroxy-5beta-cholest-24-enyl-carnitine; (24E)-3alpha,7alpha-Dihydroxy-5beta-cholest-24-en-26-yl-carnitine
C05448	(24R,25R)-3alpha,7alpha,24-Trihydroxy-5beta-cholestanoyl-CoA; (24R,25R)-3alpha,7alpha,24-Trihydroxy-5beta-cholestan-26-oyl-CoA; (24R,25R)-3alpha,7alpha,24-Trihydroxy-5beta-cholestanyl-CoA; (24R,25R)-3alpha,7alpha,24-Trihydroxy-5beta-cholestan-26-yl-CoA	(24R,25R)-3alpha,7alpha,24-Trihydroxy-5beta-cholestanoyl-carnitine; (24R,25R)-3alpha,7alpha,24-Trihydroxy-5beta-cholestan-26-oyl-carnitine; (24R,25R)-3alpha,7alpha,24-Trihydroxy-5beta-cholestanyl-carnitine; (24R,25R)-3alpha,7alpha,24-Trihydroxy-5beta-cholestan-26-yl-carnitine
C05449	3alpha,7alpha-Dihydroxy-5beta-24-oxocholestanoyl-CoA; 3alpha,7alpha-Dihydroxy-5beta-24-oxocholestanyl-CoA	3alpha,7alpha-Dihydroxy-5beta-24-oxocholestanoyl-carnitine; 3alpha,7alpha-Dihydroxy-5beta-24-oxocholestanyl-carnitine
C05450	3alpha,7alpha,12alpha,24-Tetrahydroxy-5beta-cholestanoyl-CoA; 3alpha,7alpha,12alpha,24zeta-Tetrahydroxy-5beta-cholestanoyl-CoA; 3alpha,7alpha,12alpha,24-Tetrahydroxy-5beta-cholestanyl-CoA; 3alpha,7alpha,12alpha,24zeta-Tetrahydroxy-5beta-cholestanyl-CoA	3alpha,7alpha,12alpha,24-Tetrahydroxy-5beta-cholestanoyl-carnitine; 3alpha,7alpha,12alpha,24zeta-Tetrahydroxy-5beta-cholestanoyl-carnitine; 3alpha,7alpha,12alpha,24-Tetrahydroxy-5beta-cholestanyl-carnitine; 3alpha,7alpha,12alpha,24zeta-Tetrahydroxy-5beta-cholestanyl-carnitine
C05460	(24E)-3alpha,7alpha,12alpha-Trihydroxy-5beta-cholest-24-enoyl-CoA; 3alpha,7alpha,12alpha-Trihydroxy-5beta-cholest-24-enoyl-CoA; (24E)-3alpha,7alpha,12alpha-Trihydroxy-5beta-cholest-24-enyl-CoA; 3alpha,7alpha,12alpha-Trihydroxy-5beta-cholest-24-enyl-CoA	(24E)-3alpha,7alpha,12alpha-Trihydroxy-5beta-cholest-24-enoyl-carnitine; 3alpha,7alpha,12alpha-Trihydroxy-5beta-cholest-24-enoyl-carnitine; (24E)-3alpha,7alpha,12alpha-Trihydroxy-5beta-cholest-24-enyl-carnitine; 3alpha,7alpha,12alpha-Trihydroxy-5beta-cholest-24-enyl-carnitine
C05467	3alpha,7alpha,12alpha-Trihydroxy-5beta-24-oxocholestanoyl-CoA; 3alpha,7alpha,12alpha-Trihydroxy-24-oxo-5beta-cholestanoyl-CoA; 3alpha,7alpha,12alpha-Trihydroxy-5beta-24-oxocholestanyl-CoA; 3alpha,7alpha,12alpha-Trihydroxy-24-oxo-5beta-cholestanyl-CoA	3alpha,7alpha,12alpha-Trihydroxy-5beta-24-oxocholestanoyl-carnitine; 3alpha,7alpha,12alpha-Trihydroxy-24-oxo-5beta-cholestanoyl-carnitine; 3alpha,7alpha,12alpha-Trihydroxy-5beta-24-oxocholestanyl-carnitine; 3alpha,7alpha,12alpha-Trihydroxy-24-oxo-5beta-cholestanyl-carnitine
C05668	3-Hydroxypropionyl-CoA; 3-Hydroxypropionyl coenzyme A; 3-Hydroxypropanoyl-CoA; 3-Hydroxypropanoyl coenzymeA; beta-Hydroxypropionyl-CoA	3-Hydroxypropionyl-carnitine; 3-Hydroxypropionyl carnitine; 3-Hydroxypropanoyl-carnitine; 3-Hydroxypropanoyl coenzymeA; beta-Hydroxypropionyl-carnitine
C05989	3-Oxopropionyl-CoA; 3-Oxopropanoyl-CoA; Malonyl semialdehyde-CoA	3-Oxopropionyl-carnitine; 3-Oxopropanoyl-carnitine; Malonyl semialdehyde-carnitine
C05998	3-Hydroxyisovaleryl-CoA; 3-Hydroxyisovaleryl coenzyme A; 3-Hydroxy-3-methylbutanoyl-CoA	3-Hydroxyisovaleryl-carnitine; 3-Hydroxyisovaleryl carnitine; 3-Hydroxy-3-methylbutanoyl-carnitine
C06000	(S)-3-Hydroxyisobutyryl-CoA; (S)-3-Hydroxyisobutanoyl-CoA; (S)-3-Hydroxy-2-methylpropanoyl-CoA	(S)-3-Hydroxyisobutyryl-carnitine; (S)-3-Hydroxyisobutanoyl-carnitine; (S)-3-Hydroxy-2-methylpropanoyl-carnitine
C06027	L-erythro-3-Methylmalyl-CoA; beta-Methylmalyl-CoA; (2R,3S)-2-Methylmalyl-CoA; L-erythro-beta-Methylmalyl-CoA; (2R,3S)-2-Methyl-3-carboxy-3-hydroxypropanoyl-CoA	L-erythro-3-Methylmalyl-carnitine; beta-Methylmalyl-carnitine; (2R,3S)-2-Methylmalyl-carnitine; L-erythro-beta-Methylmalyl-carnitine; (2R,3S)-2-Methyl-3-carboxy-3-hydroxypropanoyl-carnitine
C06028	2-Methylfumaryl-CoA; Mesaconyl-CoA; Mesaconyl-C1-CoA; (E)-3-Carboxy-2-methylprop-2-enoyl-CoA	2-Methylfumaryl-carnitine; Mesaconyl-carnitine; Mesaconyl-C1-carnitine; (E)-3-Carboxy-2-methylprop-2-enoyl-carnitine
C06322	Cyclohexa-1,5-diene-1-carbonyl-CoA; Cyclohexa-1,5-dienecarbonyl-CoA; S-1,5-Cyclohexadiene-1-carboxylate coenzymeA; Cyclohexa-1,5-diene-1-carbonoyl-CoA; Cyclohexa-1,5-dienecarbonoyl-CoA; S-1,5-Cyclohexadiene-1-carboxylate coenzymeA	Cyclohexa-1,5-diene-1-carbonyl-carnitine; Cyclohexa-1,5-dienecarbonyl-carnitine; S-1,5-Cyclohexadiene-1-carboxylate coenzymeA; Cyclohexa-1,5-diene-1-carbonoyl-carnitine; Cyclohexa-1,5-dienecarbonoyl-carnitine; S-1,5-Cyclohexadiene-1-carboxylate coenzymeA
C06387	4-Chlorobenzoyl-CoA; 4-Chlorobenzyl-CoA	4-Chlorobenzoyl-carnitine; 4-Chlorobenzyl-carnitine
C06625	Malonamoyl-CoA; Malonamyl-CoA	Malonamoyl-carnitine; Malonamyl-carnitine
C06671	2,4-Dichlorobenzoyl-CoA; 2,4-Dichlorobenzyl-CoA	2,4-Dichlorobenzoyl-carnitine; 2,4-Dichlorobenzyl-carnitine
C06714	3-Hydroxypimeloyl-CoA; 3-Hydroxypimelyl-CoA	3-Hydroxypimeloyl-carnitine; 3-Hydroxypimelyl-carnitine
C06715	3-Oxopimeloyl-CoA; 3-Ketopimelyl-CoA	3-Oxopimeloyl-carnitine; 3-Ketopimelyl-carnitine
C06723	6-Carboxyhex-2-enoyl-CoA; 2,3-Didehydro-pimeloyl-CoA; 6-Carboxyhex-2-enyl-CoA; 2,3-Didehydro-pimelyl-CoA	6-Carboxyhex-2-enoyl-carnitine; 2,3-Didehydro-pimeloyl-carnitine; 6-Carboxyhex-2-enyl-carnitine; 2,3-Didehydro-pimelyl-carnitine
C06736	(E)-11-Tetradecenoyl-CoA; (11E)-Tetradecenoyl-CoA; (E)-11-Tetradecenyl-CoA; (11E)-Tetradecenyl-CoA	(E)-11-Tetradecenoyl-carnitine; (11E)-Tetradecenoyl-carnitine; (E)-11-Tetradecenyl-carnitine; (11E)-Tetradecenyl-carnitine
C06737	(Z)-11-Tetradecenoyl-CoA; (11Z)-Tetradecenoyl-CoA; (Z)-11-Tetradecenyl-CoA; (11Z)-Tetradecenyl-CoA	(Z)-11-Tetradecenoyl-carnitine; (11Z)-Tetradecenoyl-carnitine; (Z)-11-Tetradecenyl-carnitine; (11Z)-Tetradecenyl-carnitine
C06749	6-Hydroxycyclohex-1-ene-1-carbonyl-CoA; 6-Hydroxycyclohex-1-enecarbonyl-CoA; 6-Hydroxycyclohex-1-ene-1-carboxyl-CoA; 6-Hydroxycyclohex-1-ene-1-carbonoyl-CoA; 6-Hydroxycyclohex-1-enecarbonoyl-CoA; 6-Hydroxycyclohex-1-ene-1-carboxoyl-CoA	6-Hydroxycyclohex-1-ene-1-carbonyl-carnitine; 6-Hydroxycyclohex-1-enecarbonyl-carnitine; 6-Hydroxycyclohex-1-ene-1-carboxyl-carnitine; 6-Hydroxycyclohex-1-ene-1-carbonoyl-carnitine; 6-Hydroxycyclohex-1-enecarbonoyl-carnitine; 6-Hydroxycyclohex-1-ene-1-carboxoyl-carnitine
C07118	Benzoylacetyl-CoA; Benzoylacetyl coenzyme A; Benzoylacetoyl-CoA; Benzoylacetyl coenzyme A	Benzoylacetyl-carnitine; Benzoylacetyl carnitine; Benzoylacetoyl-carnitine; Benzoylacetyl carnitine
C07160	[(1R)-2,2,3-Trimethyl-5-oxocyclopent-3-enyl]acetyl-CoA; 2-Oxo-Delta3-4,5,5-trimethylcyclopentenylacetyl-CoA; 2-Oxo-Delta3-4,5,5-trimethylcyclopentenylacetyl coenzyme A; [(1R)-2,2,3-Trimethyl-5-oxocyclopent-3-enyl]acetoyl-CoA; 2-Oxo-Delta3-4,5,5-trimethylcyclopentenylacetoyl-CoA; 2-Oxo-Delta3-4,5,5-trimethylcyclopentenylacetyl coenzyme A	[(1R)-2,2,3-Trimethyl-5-oxocyclopent-3-enyl]acetyl-carnitine; 2-Oxo-Delta3-4,5,5-trimethylcyclopentenylacetyl-carnitine; 2-Oxo-Delta3-4,5,5-trimethylcyclopentenylacetyl carnitine; [(1R)-2,2,3-Trimethyl-5-oxocyclopent-3-enyl]acetoyl-carnitine; 2-Oxo-Delta3-4,5,5-trimethylcyclopentenylacetoyl-carnitine; 2-Oxo-Delta3-4,5,5-trimethylcyclopentenylacetyl carnitine
C07296	4,8,12-Trimethyltridecanoyl-CoA; 4,8,12-Trimethyltridecanyl-CoA	4,8,12-Trimethyltridecanoyl-carnitine; 4,8,12-Trimethyltridecanyl-carnitine
C07297	3-Oxopristanoyl-CoA; 3-Oxopristanyl-CoA	3-Oxopristanoyl-carnitine; 3-Oxopristanyl-carnitine
C07302	3-Hydroxy-3-(3-hydroxy-4-methoxyphenyl)propionyl-CoA; 3-Hydroxy-3-(3-hydroxy-4-methoxyphenyl)propionoyl-CoA	3-Hydroxy-3-(3-hydroxy-4-methoxyphenyl)propionyl-carnitine; 3-Hydroxy-3-(3-hydroxy-4-methoxyphenyl)propionoyl-carnitine
C07303	4-Hydroxy-3-methoxyphenyl-beta-hydroxypropanoyl-CoA; 4-Hydroxy-3-methoxyphenyl-beta-hydroxypropionyl-CoA; 3-Hydroxy-3-(4-hydroxy-3-methoxyphenyl)propionyl-CoA; 3-Hydroxy-3-(4-hydroxy-3-methoxyphenyl)propanoyl-CoA	4-Hydroxy-3-methoxyphenyl-beta-hydroxypropanoyl-carnitine; 4-Hydroxy-3-methoxyphenyl-beta-hydroxypropionyl-carnitine; 3-Hydroxy-3-(4-hydroxy-3-methoxyphenyl)propionyl-carnitine; 3-Hydroxy-3-(4-hydroxy-3-methoxyphenyl)propanoyl-carnitine
C07343	2-Hydroxyphytanoyl-CoA; 2-Hydroxyphytanyl-CoA	2-Hydroxyphytanoyl-carnitine; 2-Hydroxyphytanyl-carnitine
C07347	Thiophene-2-carbonyl-CoA; Thiophene-2-carbonoyl-CoA	Thiophene-2-carbonyl-carnitine; Thiophene-2-carbonoyl-carnitine
C07348	5-Hydroxythiophene-2-carbonyl-CoA; 5-Hydroxythiophene-2-carbonoyl-CoA	5-Hydroxythiophene-2-carbonyl-carnitine; 5-Hydroxythiophene-2-carbonoyl-carnitine
C09809	Cyclohex-2,5-diene-1-carboxyl-CoA; Cyclohexa-2,5-diene-1-carbonyl-CoA; Cyclohex-2,5-diene-1-carboxoyl-CoA; Cyclohexa-2,5-diene-1-carbonoyl-CoA	Cyclohex-2,5-diene-1-carboxyl-carnitine; Cyclohexa-2,5-diene-1-carbonyl-carnitine; Cyclohex-2,5-diene-1-carboxoyl-carnitine; Cyclohexa-2,5-diene-1-carbonoyl-carnitine
C09810	Cyclohex-1,4-diene-1-carboxyl-CoA; Cyclohexa-1,4-diene-1-carbonyl-CoA; Cyclohex-1,4-diene-1-carboxoyl-CoA; Cyclohexa-1,4-diene-1-carbonoyl-CoA	Cyclohex-1,4-diene-1-carboxyl-carnitine; Cyclohexa-1,4-diene-1-carbonyl-carnitine; Cyclohex-1,4-diene-1-carboxoyl-carnitine; Cyclohexa-1,4-diene-1-carbonoyl-carnitine
C09811	Cyclohex-1-ene-1-carboxyl-CoA; Cyclohex-1-ene-1-carbonyl-CoA; Cyclohex-1-ene-1-carboxoyl-CoA; Cyclohex-1-ene-1-carbonoyl-CoA	Cyclohex-1-ene-1-carboxyl-carnitine; Cyclohex-1-ene-1-carbonyl-carnitine; Cyclohex-1-ene-1-carboxoyl-carnitine; Cyclohex-1-ene-1-carbonoyl-carnitine
C09812	2-Hydroxycyclohexane-1-carboxyl-CoA; 2-Hydroxycyclohexane-1-carbonyl-CoA; 2-Hydroxycyclohexane-1-carboxoyl-CoA; 2-Hydroxycyclohexane-1-carbonoyl-CoA	2-Hydroxycyclohexane-1-carboxyl-carnitine; 2-Hydroxycyclohexane-1-carbonyl-carnitine; 2-Hydroxycyclohexane-1-carboxoyl-carnitine; 2-Hydroxycyclohexane-1-carbonoyl-carnitine
C09813	2-Ketocyclohexane-1-carboxyl-CoA; 2-Oxocyclohexane-1-carbonyl-CoA; 2-Ketocyclohexane-1-carboxoyl-CoA; 2-Oxocyclohexane-1-carbonoyl-CoA	2-Ketocyclohexane-1-carboxyl-carnitine; 2-Oxocyclohexane-1-carbonyl-carnitine; 2-Ketocyclohexane-1-carboxoyl-carnitine; 2-Oxocyclohexane-1-carbonoyl-carnitine
C09817	Benzylsuccinyl-CoA; (R)-2-Benzylsuccinyl-CoA; Benzylsuccinoyl-CoA; (R)-2-Benzylsuccinoyl-CoA	Benzylsuccinyl-carnitine; (R)-2-Benzylsuccinyl-carnitine; Benzylsuccinoyl-carnitine; (R)-2-Benzylsuccinoyl-carnitine
C09818	E-Phenylitaconyl-CoA; (E)-2-Benzylidenesuccinyl-CoA; (E)-Benzylidenesuccinyl-CoA; E-Phenylitaconoyl-CoA; (E)-2-Benzylidenesuccinoyl-CoA; (E)-Benzylidenesuccinoyl-CoA	E-Phenylitaconyl-carnitine; (E)-2-Benzylidenesuccinyl-carnitine; (E)-Benzylidenesuccinyl-carnitine; E-Phenylitaconoyl-carnitine; (E)-2-Benzylidenesuccinoyl-carnitine; (E)-Benzylidenesuccinoyl-carnitine
C09819	(2S)-[(R)-Hydroxy(phenyl)methyl]succinyl-CoA; (Hydroxymethylphenyl)succinyl-CoA; (R,S)-2-(alpha-Hydroxybenzyl)succinyl-CoA; (2S)-[(R)-Hydroxy(phenyl)methyl]succinoyl-CoA; (Hydroxymethylphenyl)succinoyl-CoA; (R,S)-2-(alpha-Hydroxybenzyl)succinoyl-CoA	(2S)-[(R)-Hydroxy(phenyl)methyl]succinyl-carnitine; (Hydroxymethylphenyl)succinyl-carnitine; (R,S)-2-(alpha-Hydroxybenzyl)succinyl-carnitine; (2S)-[(R)-Hydroxy(phenyl)methyl]succinoyl-carnitine; (Hydroxymethylphenyl)succinoyl-carnitine; (R,S)-2-(alpha-Hydroxybenzyl)succinoyl-carnitine
C09820	(S)-2-Benzoylsuccinyl-CoA; Benzoylsuccinyl-CoA; 2-Benzoylsuccinyl-CoA; (S)-2-Benzoylsuccinoyl-CoA; Benzoylsuccinoyl-CoA; 2-Benzoylsuccinoyl-CoA	(S)-2-Benzoylsuccinyl-carnitine; Benzoylsuccinyl-carnitine; 2-Benzoylsuccinyl-carnitine; (S)-2-Benzoylsuccinoyl-carnitine; Benzoylsuccinoyl-carnitine; 2-Benzoylsuccinoyl-carnitine
C09821	6-Oxocyclohex-1-ene-1-carbonyl-CoA; 6-Ketoxycyclohex-1-ene-1-carboxyl-CoA; 6-Oxocyclohex-1-ene-1-carbonoyl-CoA; 6-Ketoxycyclohex-1-ene-1-carboxoyl-CoA	6-Oxocyclohex-1-ene-1-carbonyl-carnitine; 6-Ketoxycyclohex-1-ene-1-carboxyl-carnitine; 6-Oxocyclohex-1-ene-1-carbonoyl-carnitine; 6-Ketoxycyclohex-1-ene-1-carboxoyl-carnitine
C09823	Cyclohexane-1-carboxyl-CoA; Cyclohexane-1-carbonyl-CoA; Cyclohexane-1-carboxoyl-CoA; Cyclohexane-1-carbonoyl-CoA	Cyclohexane-1-carboxyl-carnitine; Cyclohexane-1-carbonyl-carnitine; Cyclohexane-1-carboxoyl-carnitine; Cyclohexane-1-carbonoyl-carnitine
C09824	2,6-Dihydroxycyclohexane-1-carbonyl-CoA; 2,6-Dihydroxycyclohexane-1-carboxyl-CoA; 2,6-Dihydroxycyclohexane-1-carbonoyl-CoA; 2,6-Dihydroxycyclohexane-1-carboxoyl-CoA	2,6-Dihydroxycyclohexane-1-carbonyl-carnitine; 2,6-Dihydroxycyclohexane-1-carboxyl-carnitine; 2,6-Dihydroxycyclohexane-1-carbonoyl-carnitine; 2,6-Dihydroxycyclohexane-1-carboxoyl-carnitine
C09825	2-Hydroxy-6-oxocyclohexane-1-carbonyl-CoA; 6-Oxo-2-hydroxycyclohexane-1-carboxyl-CoA; 2-Hydroxy-6-oxocyclohexane-1-carbonoyl-CoA; 6-Oxo-2-hydroxycyclohexane-1-carboxoyl-CoA	2-Hydroxy-6-oxocyclohexane-1-carbonyl-carnitine; 6-Oxo-2-hydroxycyclohexane-1-carboxyl-carnitine; 2-Hydroxy-6-oxocyclohexane-1-carbonoyl-carnitine; 6-Oxo-2-hydroxycyclohexane-1-carboxoyl-carnitine
C11062	4-Hydroxybutyryl-CoA; 4-Hydroxybutanoyl-CoA	4-Hydroxybutyryl-carnitine; 4-Hydroxybutanoyl-carnitine
C11407	(3R)-3-Isopropenyl-6-oxoheptanoyl-CoA; (3R)-3-Isopropenyl-6-oxoheptanyl-CoA	(3R)-3-Isopropenyl-6-oxoheptanoyl-carnitine; (3R)-3-Isopropenyl-6-oxoheptanyl-carnitine
C11421	(3S)-3-Isopropenyl-6-oxoheptanoyl-CoA; (3S)-3-Isopropenyl-6-oxoheptanyl-CoA	(3S)-3-Isopropenyl-6-oxoheptanoyl-carnitine; (3S)-3-Isopropenyl-6-oxoheptanyl-carnitine
C11448	3,4-Dihydro-7-methoxy-2-methylene-3-oxo-2H-1,4-benzoxazine-5-carbonyl-CoA; Benzoxazolinyl-CoA; 3,4-Dihydro-7-methoxy-2-methylene-3-oxo-2H-1,4-benzoxazine-5-carbonoyl-CoA; Benzoxazolinoyl-CoA	3,4-Dihydro-7-methoxy-2-methylene-3-oxo-2H-1,4-benzoxazine-5-carbonyl-carnitine; Benzoxazolinyl-carnitine; 3,4-Dihydro-7-methoxy-2-methylene-3-oxo-2H-1,4-benzoxazine-5-carbonoyl-carnitine; Benzoxazolinoyl-carnitine
C11929	Perillyl-CoA; Perilloyl-CoA	Perillyl-carnitine; Perilloyl-carnitine
C11934	2-Hydroxy-4-isopropenylcyclohexane-1-carboxyl-CoA; 2-Hydroxy-4-isopropenylcyclohexane-1-carboxoyl-CoA	2-Hydroxy-4-isopropenylcyclohexane-1-carboxyl-carnitine; 2-Hydroxy-4-isopropenylcyclohexane-1-carboxoyl-carnitine
C11935	4-Isopropenyl-2-oxy-cyclohexanecarboxyl-CoA; 4-Isopropenyl-2-ketocyclohexane-1-carboxyl-CoA; 4-Isopropenyl-2-oxy-cyclohexanecarboxoyl-CoA; 4-Isopropenyl-2-ketocyclohexane-1-carboxoyl-CoA	4-Isopropenyl-2-oxy-cyclohexanecarboxyl-carnitine; 4-Isopropenyl-2-ketocyclohexane-1-carboxyl-carnitine; 4-Isopropenyl-2-oxy-cyclohexanecarboxoyl-carnitine; 4-Isopropenyl-2-ketocyclohexane-1-carboxoyl-carnitine
C11936	3-Isopropenylpimelyl-CoA; 3-Isopropenylpimeloyl-CoA	3-Isopropenylpimelyl-carnitine; 3-Isopropenylpimeloyl-carnitine
C11945	trans-2-Methyl-5-isopropylhexa-2,5-dienoyl-CoA; trans-2-Methyl-5-isopropylhexa-2,5-dienyl-CoA	trans-2-Methyl-5-isopropylhexa-2,5-dienoyl-carnitine; trans-2-Methyl-5-isopropylhexa-2,5-dienyl-carnitine
C11946	cis-2-Methyl-5-isopropylhexa-2,5-dienoyl-CoA; cis-2-Methyl-5-isopropylhexa-2,5-dienyl-CoA	cis-2-Methyl-5-isopropylhexa-2,5-dienoyl-carnitine; cis-2-Methyl-5-isopropylhexa-2,5-dienyl-carnitine
C11947	3-Hydroxy-2,6-dimethyl-5-methylene-heptanoyl-CoA; 3-Hydroxy-2,6-dimethyl-5-methylene-heptanyl-CoA	3-Hydroxy-2,6-dimethyl-5-methylene-heptanoyl-carnitine; 3-Hydroxy-2,6-dimethyl-5-methylene-heptanyl-carnitine
C11948	2,6-Dimethyl-5-methylene-3-oxo-heptanoyl-CoA; 2,6-Dimethyl-5-methylene-3-oxo-heptanyl-CoA	2,6-Dimethyl-5-methylene-3-oxo-heptanoyl-carnitine; 2,6-Dimethyl-5-methylene-3-oxo-heptanyl-carnitine
C11949	3-Isopropylbut-3-enoyl-CoA; 3-Isopropylbut-3-enyl-CoA	3-Isopropylbut-3-enoyl-carnitine; 3-Isopropylbut-3-enyl-carnitine
C12092	N-Methylanthraniloyl-CoA; N-Methylanthranilyl-CoA	N-Methylanthraniloyl-carnitine; N-Methylanthranilyl-carnitine
C12146	C26-CoA	C26-carnitine
C12203	5-Hydroxyferuloyl-CoA; 5-Hydroxyferulyl-CoA	5-Hydroxyferuloyl-carnitine; 5-Hydroxyferulyl-carnitine
C12324	3,5-Dihydroxyphenylacetyl-CoA; 3,5-Dihydroxyphenylacetoyl-CoA	3,5-Dihydroxyphenylacetyl-carnitine; 3,5-Dihydroxyphenylacetoyl-carnitine
C12450	Pseudoecgonyl-CoA; Pseudoecgonoyl-CoA	Pseudoecgonyl-carnitine; Pseudoecgonoyl-carnitine
C14116	Naphthyl-2-methyl-succinyl-CoA; Naphthyl-2-methyl-succinoyl-CoA	Naphthyl-2-methyl-succinyl-carnitine; Naphthyl-2-methyl-succinoyl-carnitine
C14117	Naphthyl-2-methylene-succinyl-CoA; Naphthyl-2-methylene-succinoyl-CoA	Naphthyl-2-methylene-succinyl-carnitine; Naphthyl-2-methylene-succinoyl-carnitine
C14118	Naphthyl-2-hydroxymethyl-succinyl CoA	Naphthyl-2-hydroxymethyl-succinyl carnitine
C14119	Naphthyl-2-oxomethyl-succinyl-CoA; Naphthyl-2-oxomethyl-succinoyl-CoA	Naphthyl-2-oxomethyl-succinyl-carnitine; Naphthyl-2-oxomethyl-succinoyl-carnitine
C14120	2-Naphthoyl-CoA; 2-Naphthyl-CoA	2-Naphthoyl-carnitine; 2-Naphthyl-carnitine
C14143	Adipyl-CoA; 5-Carboxypentanoyl-CoA	Adipyl-carnitine; 5-Carboxypentanoyl-carnitine
C14144	5-Carboxy-2-pentenoyl-CoA; 2,3-Didehydroadipyl-CoA	5-Carboxy-2-pentenoyl-carnitine; 2,3-Didehydroadipyl-carnitine
C14145	(3S)-3-Hydroxyadipyl-CoA; (3S)-3-Hydroxyadipoyl-CoA	(3S)-3-Hydroxyadipyl-carnitine; (3S)-3-Hydroxyadipoyl-carnitine
C15489	S-2-(Indol-3-yl)acetyl-CoA; (Indol-3-yl)acetyl-CoA; S-2-(Indol-3-yl)acetoyl-CoA; (Indol-3-yl)acetoyl-CoA	S-2-(Indol-3-yl)acetyl-carnitine; (Indol-3-yl)acetyl-carnitine; S-2-(Indol-3-yl)acetoyl-carnitine; (Indol-3-yl)acetoyl-carnitine
C15524	Phenylglyoxylyl-CoA; Phenylglyoxyloyl-CoA	Phenylglyoxylyl-carnitine; Phenylglyoxyloyl-carnitine
C15547	1,4-Dihydroxy-2-naphthoyl-CoA; 1,4-Dihydroxy-2-naphthyl-CoA	1,4-Dihydroxy-2-naphthoyl-carnitine; 1,4-Dihydroxy-2-naphthyl-carnitine
C15560	Deoxycholoyl-CoA; Deoxycholyl-CoA	Deoxycholoyl-carnitine; Deoxycholyl-carnitine
C15613	(25R)-3alpha,7alpha,12alpha-Trihydroxy-5beta-cholestan-26-oyl-CoA; (25R)-3alpha,7alpha,12alpha-Trihydroxy-5beta-cholestan-26-yl-CoA	(25R)-3alpha,7alpha,12alpha-Trihydroxy-5beta-cholestan-26-oyl-carnitine; (25R)-3alpha,7alpha,12alpha-Trihydroxy-5beta-cholestan-26-yl-carnitine
C15614	(24R,25R)-3alpha,7alpha,12alpha,24-Tetrahydroxy-5beta-cholestanoyl-CoA; (24R,25R)-3alpha,7alpha,12alpha,24-Tetrahydroxy-5beta-cholestan-26-oyl-CoA; (24R,25R)-3alpha,7alpha,12alpha,24-Tetrahydroxy-5beta-cholestanyl-CoA; (24R,25R)-3alpha,7alpha,12alpha,24-Tetrahydroxy-5beta-cholestan-26-yl-CoA	(24R,25R)-3alpha,7alpha,12alpha,24-Tetrahydroxy-5beta-cholestanoyl-carnitine; (24R,25R)-3alpha,7alpha,12alpha,24-Tetrahydroxy-5beta-cholestan-26-oyl-carnitine; (24R,25R)-3alpha,7alpha,12alpha,24-Tetrahydroxy-5beta-cholestanyl-carnitine; (24R,25R)-3alpha,7alpha,12alpha,24-Tetrahydroxy-5beta-cholestan-26-yl-carnitine
C15980	(S)-2-Methylbutanoyl-CoA; (S)-2-Methylbutanyl-CoA	(S)-2-Methylbutanoyl-carnitine; (S)-2-Methylbutanyl-carnitine
C16162	(9Z,12Z,15Z)-Octadecatrienoyl-CoA; alpha-Linolenoyl-CoA; (9Z,12Z,15Z)-Octadecatrienyl-CoA; alpha-Linolenyl-CoA	(9Z,12Z,15Z)-Octadecatrienoyl-carnitine; alpha-Linolenoyl-carnitine; (9Z,12Z,15Z)-Octadecatrienyl-carnitine; alpha-Linolenyl-carnitine
C16163	(6Z,9Z,12Z,15Z)-Octadecatetraenoyl-CoA; Stearidonoyl-CoA; (6Z,9Z,12Z,15Z)-Octadecatetraenyl-CoA; Stearidonyl-CoA	(6Z,9Z,12Z,15Z)-Octadecatetraenoyl-carnitine; Stearidonoyl-carnitine; (6Z,9Z,12Z,15Z)-Octadecatetraenyl-carnitine; Stearidonyl-carnitine
C16164	(8Z,11Z,14Z,17Z)-Icosatetraenoyl-CoA; (8Z,11Z,14Z,17Z)-Icosa-8,11,14,17-tetraenoyl-CoA; (8Z,11Z,14Z,17Z)-Icosatetraenyl-CoA; (8Z,11Z,14Z,17Z)-Icosa-8,11,14,17-tetraenyl-CoA	(8Z,11Z,14Z,17Z)-Icosatetraenoyl-carnitine; (8Z,11Z,14Z,17Z)-Icosa-8,11,14,17-tetraenoyl-carnitine; (8Z,11Z,14Z,17Z)-Icosatetraenyl-carnitine; (8Z,11Z,14Z,17Z)-Icosa-8,11,14,17-tetraenyl-carnitine
C16165	(5Z,8Z,11Z,14Z,17Z)-Icosapentaenoyl-CoA; (5Z,8Z,11Z,14Z,17Z)-Icosa-5,8,11,14,17-pentaenoyl-CoA; (5Z,8Z,11Z,14Z,17Z)-Icosapentaenyl-CoA; (5Z,8Z,11Z,14Z,17Z)-Icosa-5,8,11,14,17-pentaenyl-CoA	(5Z,8Z,11Z,14Z,17Z)-Icosapentaenoyl-carnitine; (5Z,8Z,11Z,14Z,17Z)-Icosa-5,8,11,14,17-pentaenoyl-carnitine; (5Z,8Z,11Z,14Z,17Z)-Icosapentaenyl-carnitine; (5Z,8Z,11Z,14Z,17Z)-Icosa-5,8,11,14,17-pentaenyl-carnitine
C16166	(7Z,10Z,13Z,16Z,19Z)-Docosapentaenoyl-CoA; (7Z,10Z,13Z,16Z,19Z)-Docosapentaenyl-CoA	(7Z,10Z,13Z,16Z,19Z)-Docosapentaenoyl-carnitine; (7Z,10Z,13Z,16Z,19Z)-Docosapentaenyl-carnitine
C16167	(9Z,12Z,15Z,18Z,21Z)-Tetracosapentaenoyl-CoA; (9Z,12Z,15Z,18Z,21Z)-Tetracosapentaenyl-CoA	(9Z,12Z,15Z,18Z,21Z)-Tetracosapentaenoyl-carnitine; (9Z,12Z,15Z,18Z,21Z)-Tetracosapentaenyl-carnitine
C16168	(6Z,9Z,12Z,15Z,18Z,21Z)-Tetracosahexaenoyl-CoA; (6Z,9Z,12Z,15Z,18Z,21Z)-Tetracosahexaenyl-CoA	(6Z,9Z,12Z,15Z,18Z,21Z)-Tetracosahexaenoyl-carnitine; (6Z,9Z,12Z,15Z,18Z,21Z)-Tetracosahexaenyl-carnitine
C16169	(4Z,7Z,10Z,13Z,16Z,19Z)-Docosahexaenoyl-CoA; (4Z,7Z,10Z,13Z,16Z,19Z)-Docosahexaenyl-CoA	(4Z,7Z,10Z,13Z,16Z,19Z)-Docosahexaenoyl-carnitine; (4Z,7Z,10Z,13Z,16Z,19Z)-Docosahexaenyl-carnitine
C16170	(7Z,10Z,13Z,16Z)-Docosatetraenoyl-CoA; (7Z,10Z,13Z,16Z)-Docosatetraenyl-CoA	(7Z,10Z,13Z,16Z)-Docosatetraenoyl-carnitine; (7Z,10Z,13Z,16Z)-Docosatetraenyl-carnitine
C16171	(9Z,12Z,15Z,18Z)-Tetracosatetraenoyl-CoA; (9Z,12Z,15Z,18Z)-Tetracosatetraenyl-CoA	(9Z,12Z,15Z,18Z)-Tetracosatetraenoyl-carnitine; (9Z,12Z,15Z,18Z)-Tetracosatetraenyl-carnitine
C16172	(6Z,9Z,12Z,15Z,18Z)-Tetracosapentaenoyl-CoA; (6Z,9Z,12Z,15Z,18Z)-Tetracosapentaenyl-CoA	(6Z,9Z,12Z,15Z,18Z)-Tetracosapentaenoyl-carnitine; (6Z,9Z,12Z,15Z,18Z)-Tetracosapentaenyl-carnitine
C16173	(4Z,7Z,10Z,13Z,16Z)-Docosapentaenoyl-CoA; (4Z,7Z,10Z,13Z,16Z)-Docosapentaenyl-CoA	(4Z,7Z,10Z,13Z,16Z)-Docosapentaenoyl-carnitine; (4Z,7Z,10Z,13Z,16Z)-Docosapentaenyl-carnitine
C16179	(11Z,14Z,17Z)-Icosatrienoyl-CoA; (11Z,14Z,17Z)-Icosa-11,14,17-trienoyl-CoA; (11Z,14Z,17Z)-Icosatrienyl-CoA; (11Z,14Z,17Z)-Icosa-11,14,17-trienyl-CoA	(11Z,14Z,17Z)-Icosatrienoyl-carnitine; (11Z,14Z,17Z)-Icosa-11,14,17-trienoyl-carnitine; (11Z,14Z,17Z)-Icosatrienyl-carnitine; (11Z,14Z,17Z)-Icosa-11,14,17-trienyl-carnitine
C16180	(11Z,14Z)-Icosadienoyl-CoA; (11Z,14Z)-Icosa-11,14-dienoyl-CoA; (11Z,14Z)-Icosadienyl-CoA; (11Z,14Z)-Icosa-11,14-dienyl-CoA	(11Z,14Z)-Icosadienoyl-carnitine; (11Z,14Z)-Icosa-11,14-dienoyl-carnitine; (11Z,14Z)-Icosadienyl-carnitine; (11Z,14Z)-Icosa-11,14-dienyl-carnitine
C16216	3-Oxostearoyl-CoA; 3-Oxooctadecanoyl-CoA; beta-Ketostearoyl-CoA; 3-Ketostearoyl-CoA; 3-Oxostearyl-CoA; 3-Oxooctadecanyl-CoA; beta-Ketostearyl-CoA; 3-Ketostearyl-CoA	3-Oxostearoyl-carnitine; 3-Oxooctadecanoyl-carnitine; beta-Ketostearoyl-carnitine; 3-Ketostearoyl-carnitine; 3-Oxostearyl-carnitine; 3-Oxooctadecanyl-carnitine; beta-Ketostearyl-carnitine; 3-Ketostearyl-carnitine
C16217	3-Hydroxyoctadecanoyl-CoA; 3-Hydroxystearoyl-CoA; beta-Hydroxystearoyl-CoA; 3-Hydroxyoctadecanyl-CoA; 3-Hydroxystearyl-CoA; beta-Hydroxystearyl-CoA	3-Hydroxyoctadecanoyl-carnitine; 3-Hydroxystearoyl-carnitine; beta-Hydroxystearoyl-carnitine; 3-Hydroxyoctadecanyl-carnitine; 3-Hydroxystearyl-carnitine; beta-Hydroxystearyl-carnitine
C16218	(2E)-Octadecenoyl-CoA; trans-Octadec-2-enoyl-CoA; (2E)-Octadecenyl-CoA; trans-Octadec-2-enyl-CoA	(2E)-Octadecenoyl-carnitine; trans-Octadec-2-enoyl-carnitine; (2E)-Octadecenyl-carnitine; trans-Octadec-2-enyl-carnitine
C16256	(E)-Cinnamoyl-CoA; (E)-Cinnamyl-CoA	(E)-Cinnamoyl-carnitine; (E)-Cinnamyl-carnitine
C16257	(R)-Phenyllactyl-CoA; (R)-3-(Phenyl)lactoyl-CoA	(R)-Phenyllactyl-carnitine; (R)-3-(Phenyl)lactoyl-carnitine
C16268	Cyclopropanecarboxyl-CoA; Cyclopropanecarboxoyl-CoA	Cyclopropanecarboxyl-carnitine; Cyclopropanecarboxoyl-carnitine
C16273	3-Hydroxy-5-oxohexanoyl-CoA; 3-Hydroxy-5-oxohexanyl-CoA	3-Hydroxy-5-oxohexanoyl-carnitine; 3-Hydroxy-5-oxohexanyl-carnitine
C16327	OPC8-CoA	OPC8-carnitine
C16328	trans-2-Enoyl-OPC8-CoA	trans-2-Enoyl-OPC8-carnitine
C16329	3-Hydroxy-OPC8-CoA	3-Hydroxy-OPC8-carnitine
C16330	3-Oxo-OPC8-CoA	3-Oxo-OPC8-carnitine
C16331	OPC6-CoA	OPC6-carnitine
C16332	trans-2-Enoyl-OPC6-CoA	trans-2-Enoyl-OPC6-carnitine
C16333	3-Hydroxy-OPC6-CoA	3-Hydroxy-OPC6-carnitine
C16334	3-Oxo-OPC6-CoA	3-Oxo-OPC6-carnitine
C16335	OPC4-CoA	OPC4-carnitine
C16336	trans-2-Enoyl-OPC4-CoA	trans-2-Enoyl-OPC4-carnitine
C16337	3-Hydroxy-OPC4-CoA	3-Hydroxy-OPC4-carnitine
C16338	3-Oxo-OPC4-CoA	3-Oxo-OPC4-carnitine
C16339	(+)-7-Isojasmonic acid CoA	(+)-7-Isojasmonic acid carnitine
C16374	(2E,6Z,9Z,12Z,15Z,18Z,21Z)-Tetracosaheptaenoyl-CoA; (2E,6Z,9Z,12Z,15Z,18Z,21Z)-Tetracosa-2,6,9,12,15,18,21-heptaenoyl-CoA; (2E,6Z,9Z,12Z,15Z,18Z,21Z)-Tetracosaheptaenyl-CoA; (2E,6Z,9Z,12Z,15Z,18Z,21Z)-Tetracosa-2,6,9,12,15,18,21-heptaenyl-CoA	(2E,6Z,9Z,12Z,15Z,18Z,21Z)-Tetracosaheptaenoyl-carnitine; (2E,6Z,9Z,12Z,15Z,18Z,21Z)-Tetracosa-2,6,9,12,15,18,21-heptaenoyl-carnitine; (2E,6Z,9Z,12Z,15Z,18Z,21Z)-Tetracosaheptaenyl-carnitine; (2E,6Z,9Z,12Z,15Z,18Z,21Z)-Tetracosa-2,6,9,12,15,18,21-heptaenyl-carnitine
C16375	(3R,6Z,9Z,12Z,15Z,18Z,21Z)-3-Hydroxytetracosahexaenoyl-CoA; (6Z,9Z,12Z,15Z,18Z,21Z)-3-Hydroxytetracosa-6,9,12,15,18,21-hexaenoyl-CoA; (3R,6Z,9Z,12Z,15Z,18Z,21Z)-3-Hydroxytetracosahexaenyl-CoA; (6Z,9Z,12Z,15Z,18Z,21Z)-3-Hydroxytetracosa-6,9,12,15,18,21-hexaenyl-CoA	(3R,6Z,9Z,12Z,15Z,18Z,21Z)-3-Hydroxytetracosahexaenoyl-carnitine; (6Z,9Z,12Z,15Z,18Z,21Z)-3-Hydroxytetracosa-6,9,12,15,18,21-hexaenoyl-carnitine; (3R,6Z,9Z,12Z,15Z,18Z,21Z)-3-Hydroxytetracosahexaenyl-carnitine; (6Z,9Z,12Z,15Z,18Z,21Z)-3-Hydroxytetracosa-6,9,12,15,18,21-hexaenyl-carnitine
C16376	(6Z,9Z,12Z,15Z,18Z,21Z)-3-Oxotetracosahexaenoyl-CoA; (6Z,9Z,12Z,15Z,18Z,21Z)-3-Oxotetracosa-6,9,12,15,18,21-hexaenoyl-CoA; (6Z,9Z,12Z,15Z,18Z,21Z)-3-Oxotetracosahexaenyl-CoA; (6Z,9Z,12Z,15Z,18Z,21Z)-3-Oxotetracosa-6,9,12,15,18,21-hexaenyl-CoA	(6Z,9Z,12Z,15Z,18Z,21Z)-3-Oxotetracosahexaenoyl-carnitine; (6Z,9Z,12Z,15Z,18Z,21Z)-3-Oxotetracosa-6,9,12,15,18,21-hexaenoyl-carnitine; (6Z,9Z,12Z,15Z,18Z,21Z)-3-Oxotetracosahexaenyl-carnitine; (6Z,9Z,12Z,15Z,18Z,21Z)-3-Oxotetracosa-6,9,12,15,18,21-hexaenyl-carnitine
C16387	(2E,6Z,9Z,12Z,15Z,18Z)-Tetracosahexaenoyl-CoA; (2E,6Z,9Z,12Z,15Z,18Z)-Tetracosa-2,6,9,12,15,18-hexaenoyl-CoA; (2E,6Z,9Z,12Z,15Z,18Z)-Tetracosahexaenyl-CoA; (2E,6Z,9Z,12Z,15Z,18Z)-Tetracosa-2,6,9,12,15,18-hexaenyl-CoA	(2E,6Z,9Z,12Z,15Z,18Z)-Tetracosahexaenoyl-carnitine; (2E,6Z,9Z,12Z,15Z,18Z)-Tetracosa-2,6,9,12,15,18-hexaenoyl-carnitine; (2E,6Z,9Z,12Z,15Z,18Z)-Tetracosahexaenyl-carnitine; (2E,6Z,9Z,12Z,15Z,18Z)-Tetracosa-2,6,9,12,15,18-hexaenyl-carnitine
C16388	(3R,6Z,9Z,12Z,15Z,18Z)-3-Hydroxytetracosapentaenoyl-CoA; (6Z,9Z,12Z,15Z,18Z)-3-Hydroxytetracosa-6,9,12,15,18-pentaenoyl-CoA; (3R,6Z,9Z,12Z,15Z,18Z)-3-Hydroxytetracosapentaenyl-CoA; (6Z,9Z,12Z,15Z,18Z)-3-Hydroxytetracosa-6,9,12,15,18-pentaenyl-CoA	(3R,6Z,9Z,12Z,15Z,18Z)-3-Hydroxytetracosapentaenoyl-carnitine; (6Z,9Z,12Z,15Z,18Z)-3-Hydroxytetracosa-6,9,12,15,18-pentaenoyl-carnitine; (3R,6Z,9Z,12Z,15Z,18Z)-3-Hydroxytetracosapentaenyl-carnitine; (6Z,9Z,12Z,15Z,18Z)-3-Hydroxytetracosa-6,9,12,15,18-pentaenyl-carnitine
C16389	(6Z,9Z,12Z,15Z,18Z)-3-Oxotetracosapentaenoyl-CoA; (6Z,9Z,12Z,15Z,18Z)-3-Oxotetracosa-6,9,12,15,18-pentaenoyl-CoA; (6Z,9Z,12Z,15Z,18Z)-3-Oxotetracosapentaenyl-CoA; (6Z,9Z,12Z,15Z,18Z)-3-Oxotetracosa-6,9,12,15,18-pentaenyl-CoA	(6Z,9Z,12Z,15Z,18Z)-3-Oxotetracosapentaenoyl-carnitine; (6Z,9Z,12Z,15Z,18Z)-3-Oxotetracosa-6,9,12,15,18-pentaenoyl-carnitine; (6Z,9Z,12Z,15Z,18Z)-3-Oxotetracosapentaenyl-carnitine; (6Z,9Z,12Z,15Z,18Z)-3-Oxotetracosa-6,9,12,15,18-pentaenyl-carnitine
C16464	Citronellyl-CoA; Citronelloyl-CoA	Citronellyl-carnitine; Citronelloyl-carnitine
C16465	trans-Geranyl-CoA; trans-Geranoyl-CoA	trans-Geranyl-carnitine; trans-Geranoyl-carnitine
C16466	7-Methyl-3-oxo-6-octenoyl-CoA; 7-Methyl-3-oxooct-6-enoyl-CoA; 7-Methyl-3-oxo-6-octenyl-CoA; 7-Methyl-3-oxooct-6-enyl-CoA	7-Methyl-3-oxo-6-octenoyl-carnitine; 7-Methyl-3-oxooct-6-enoyl-carnitine; 7-Methyl-3-oxo-6-octenyl-carnitine; 7-Methyl-3-oxooct-6-enyl-carnitine
C16468	(2E)-5-Methylhexa-2,4-dienoyl-CoA; (2E)-5-Methylhexa-2,4-dienyl-CoA	(2E)-5-Methylhexa-2,4-dienoyl-carnitine; (2E)-5-Methylhexa-2,4-dienyl-carnitine
C16469	3-Hydroxy-5-methylhex-4-enoyl-CoA; 3-Hydroxy-5-methylhex-4-enyl-CoA	3-Hydroxy-5-methylhex-4-enoyl-carnitine; 3-Hydroxy-5-methylhex-4-enyl-carnitine
C16470	5-Methylhex-4-enoyl-CoA; 5-Methylhex-4-enyl-CoA	5-Methylhex-4-enoyl-carnitine; 5-Methylhex-4-enyl-carnitine
C16471	5-Methyl-3-oxo-4-hexenoyl-CoA; 5-Methyl-3-oxo-4-hexenyl-CoA	5-Methyl-3-oxo-4-hexenoyl-carnitine; 5-Methyl-3-oxo-4-hexenyl-carnitine
C16528	Docosanoyl-CoA; Behenoyl-CoA; Docosanyl-CoA; Behenyl-CoA	Docosanoyl-carnitine; Behenoyl-carnitine; Docosanyl-carnitine; Behenyl-carnitine
C16529	Tetracosanoyl-CoA; Lignoceroyl-CoA; Tetracosanyl-CoA; Lignoceryl-CoA	Tetracosanoyl-carnitine; Lignoceroyl-carnitine; Tetracosanyl-carnitine; Lignoceryl-carnitine
C16530	Icosenoyl-CoA; Eicosenoyl-CoA; (11Z)-Icosenoyl-CoA; (11Z)-Eicosenoyl-CoA; Icosenyl-CoA; Eicosenyl-CoA; (11Z)-Icosenyl-CoA; (11Z)-Eicosenyl-CoA	Icosenoyl-carnitine; Eicosenoyl-carnitine; (11Z)-Icosenoyl-carnitine; (11Z)-Eicosenoyl-carnitine; Icosenyl-carnitine; Eicosenyl-carnitine; (11Z)-Icosenyl-carnitine; (11Z)-Eicosenyl-carnitine
C16531	Docosenoyl-CoA; (13Z)-Docosenoyl-CoA; Docosenyl-CoA; (13Z)-Docosenyl-CoA	Docosenoyl-carnitine; (13Z)-Docosenoyl-carnitine; Docosenyl-carnitine; (13Z)-Docosenyl-carnitine
C16532	Tetracosenoyl-CoA; Nervonoyl-CoA; (15Z)-Tetracosenoyl-CoA; Tetracosenyl-CoA; Nervonyl-CoA; (15Z)-Tetracosenyl-CoA	Tetracosenoyl-carnitine; Nervonoyl-carnitine; (15Z)-Tetracosenoyl-carnitine; Tetracosenyl-carnitine; Nervonyl-carnitine; (15Z)-Tetracosenyl-carnitine
C16645	(13Z,16Z)-Docosadienoyl-CoA; (13Z,16Z)-Docosadi-13,16-enoyl-CoA; 13Z,16Z-Docosadienoyl-CoA; (13Z,16Z)-Docosadienyl-CoA; (13Z,16Z)-Docosadi-13,16-enyl-CoA; 13Z,16Z-Docosadienyl-CoA	(13Z,16Z)-Docosadienoyl-carnitine; (13Z,16Z)-Docosadi-13,16-enoyl-carnitine; 13Z,16Z-Docosadienoyl-carnitine; (13Z,16Z)-Docosadienyl-carnitine; (13Z,16Z)-Docosadi-13,16-enyl-carnitine; 13Z,16Z-Docosadienyl-carnitine
C16833	beta-Phenylalanoyl-CoA; (R)-beta-Phenylalanoyl-CoA; (R)-3-Amino-3-phenylpropanoyl-CoA; Amino phenylpropanoyl-CoA; beta-Phenylalanyl-CoA; (R)-beta-Phenylalanyl-CoA; (R)-3-Amino-3-phenylpropanyl-CoA; Amino phenylpropanyl-CoA	beta-Phenylalanoyl-carnitine; (R)-beta-Phenylalanoyl-carnitine; (R)-3-Amino-3-phenylpropanoyl-carnitine; Amino phenylpropanoyl-carnitine; beta-Phenylalanyl-carnitine; (R)-beta-Phenylalanyl-carnitine; (R)-3-Amino-3-phenylpropanyl-carnitine; Amino phenylpropanyl-carnitine
C17279	Ximenoyl-CoA; (17Z)-Hexacosenoyl-CoA; Ximenyl-CoA; (17Z)-Hexacosenyl-CoA	Ximenoyl-carnitine; (17Z)-Hexacosenoyl-carnitine; Ximenyl-carnitine; (17Z)-Hexacosenyl-carnitine
C17343	(25S)-3alpha,7alpha,12alpha-Trihydroxy-5beta-cholestan-26-oyl-CoA; (25S)-3alpha,7alpha,12alpha-Trihydroxy-5beta-cholestan-26-yl-CoA	(25S)-3alpha,7alpha,12alpha-Trihydroxy-5beta-cholestan-26-oyl-carnitine; (25S)-3alpha,7alpha,12alpha-Trihydroxy-5beta-cholestan-26-yl-carnitine
C17345	(25R)-3alpha,7alpha-Dihydroxy-5beta-cholestanoyl-CoA; (25R)-3alpha,7alpha-Dihydroxy-5beta-cholestanyl-CoA	(25R)-3alpha,7alpha-Dihydroxy-5beta-cholestanoyl-carnitine; (25R)-3alpha,7alpha-Dihydroxy-5beta-cholestanyl-carnitine
C17346	(25S)-3alpha,7alpha-Dihydroxy-5beta-cholestanoyl-CoA; (25S)-3alpha,7alpha-Dihydroxy-5beta-cholestanyl-CoA	(25S)-3alpha,7alpha-Dihydroxy-5beta-cholestanoyl-carnitine; (25S)-3alpha,7alpha-Dihydroxy-5beta-cholestanyl-carnitine
C17689	Ursodeoxycholoyl-CoA; 3alpha,7beta-Dihydroxy-5beta-cholanoyl-CoA; Ursodeoxycholyl-CoA; 3alpha,7beta-Dihydroxy-5beta-cholanyl-CoA	Ursodeoxycholoyl-carnitine; 3alpha,7beta-Dihydroxy-5beta-cholanoyl-carnitine; Ursodeoxycholyl-carnitine; 3alpha,7beta-Dihydroxy-5beta-cholanyl-carnitine
C17740	p-Coumaroyl-diketide-CoA; (4-Coumaroyl)acetyl-CoA; p-Coumaroyl-diketide-CoA; (4-Coumaroyl)acetoyl-CoA	p-Coumaroyl-diketide-carnitine; (4-Coumaroyl)acetyl-carnitine; p-Coumaroyl-diketide-carnitine; (4-Coumaroyl)acetoyl-carnitine
C17741	Feruloyl-diketide-CoA; Feruloylacetyl-CoA; Feruloyl-diketide-CoA; Feruloylacetoyl-CoA	Feruloyl-diketide-carnitine; Feruloylacetyl-carnitine; Feruloyl-diketide-carnitine; Feruloylacetoyl-carnitine
C18026	(2S)-Ethylmalonyl-CoA; (S)-Ethylmalonyl-CoA; Ethylmalonyl-CoA; Ethylmalonyl coenzyme A; (2S)-Ethylmalonoyl-CoA; (S)-Ethylmalonoyl-CoA; Ethylmalonoyl-CoA; Ethylmalonyl coenzyme A	(2S)-Ethylmalonyl-carnitine; (S)-Ethylmalonyl-carnitine; Ethylmalonyl-carnitine; Ethylmalonyl carnitine; (2S)-Ethylmalonoyl-carnitine; (S)-Ethylmalonoyl-carnitine; Ethylmalonoyl-carnitine; Ethylmalonyl carnitine
C18323	3-Methylfumaryl-CoA; (E)-3-Carboxybut-2-enoyl-CoA; Mesaconyl-C4-CoA	3-Methylfumaryl-carnitine; (E)-3-Carboxybut-2-enoyl-carnitine; Mesaconyl-C4-carnitine
C18324	(2S)-Methylsuccinyl-CoA; Methylsuccinyl-CoA; Methylsuccinyl-coenzyme A; (2S)-Methylsuccinoyl-CoA; Methylsuccinoyl-CoA; Methylsuccinyl-coenzyme A	(2S)-Methylsuccinyl-carnitine; Methylsuccinyl-carnitine; Methylsuccinyl-carnitine; (2S)-Methylsuccinoyl-carnitine; Methylsuccinoyl-carnitine; Methylsuccinyl-carnitine
C18834	Propylmalonyl-CoA; Propylmalonoyl-CoA	Propylmalonyl-carnitine; Propylmalonoyl-carnitine
C19682	3,4-Didehydroadipyl-CoA; cis-3,4-Dehydroadipyl-CoA; 3,4-Didehydroadipoyl-CoA; cis-3,4-Dehydroadipoyl-CoA	3,4-Didehydroadipyl-carnitine; cis-3,4-Dehydroadipyl-carnitine; 3,4-Didehydroadipoyl-carnitine; cis-3,4-Dehydroadipoyl-carnitine
C19683	3,4-Didehydroadipyl-CoA semialdehyde; cis-3,4-Dehydroadipyl-CoA semialdehyde; (3Z)-6-Oxohex-3-enoyl-CoA	3,4-Didehydroadipyl-carnitine semialdehyde; cis-3,4-Dehydroadipyl-carnitine semialdehyde; (3Z)-6-Oxohex-3-enoyl-carnitine
C19684	2,3-Epoxy-2,3-dihydrobenzoyl-CoA; 2,3-Epoxy-2,3-dihydrobenzyl-CoA	2,3-Epoxy-2,3-dihydrobenzoyl-carnitine; 2,3-Epoxy-2,3-dihydrobenzyl-carnitine
C19685	Sulfoacetyl-CoA; Sulfoacetoyl-CoA	Sulfoacetyl-carnitine; Sulfoacetoyl-carnitine
C19771	2'-(5-Triphosphoribosyl)-3'-dephospho-CoA; 2'-(5-Triphospho-alpha-D-ribosyl)-3'-dephospho-CoA	2'-(5-Triphosphoribosyl)-3'-dephospho-carnitine; 2'-(5-Triphospho-alpha-D-ribosyl)-3'-dephospho-carnitine
C19775	Fluoroacetyl-CoA; Fluoroacetyl-coenzyme A; Fluoroacetoyl-CoA; Fluoroacetyl-coenzyme A	Fluoroacetyl-carnitine; Fluoroacetyl-carnitine; Fluoroacetoyl-carnitine; Fluoroacetyl-carnitine
C19945	3-Oxo-5,6-dehydrosuberyl-CoA; 3-Oxo-5,6-didehydrosuberoyl-CoA	3-Oxo-5,6-dehydrosuberyl-carnitine; 3-Oxo-5,6-didehydrosuberoyl-carnitine
C19946	3-Oxo-5,6-dehydrosuberyl-CoA semialdehyde; 3-Oxo-5,6-dehydrosuberoyl-CoA semialdehyde	3-Oxo-5,6-dehydrosuberyl-carnitine semialdehyde; 3-Oxo-5,6-dehydrosuberoyl-carnitine semialdehyde
C19975	2-Oxepin-2(3H)-ylideneacetyl-CoA; 2-Oxepin-2(3H)-ylideneacetoyl-CoA	2-Oxepin-2(3H)-ylideneacetyl-carnitine; 2-Oxepin-2(3H)-ylideneacetoyl-carnitine
C20062	2-(1,2-Epoxy-1,2-dihydrophenyl)acetyl-CoA; 2-(1,2-Epoxy-1,2-dihydrophenyl)acetoyl-CoA	2-(1,2-Epoxy-1,2-dihydrophenyl)acetyl-carnitine; 2-(1,2-Epoxy-1,2-dihydrophenyl)acetoyl-carnitine
C20238	(2R)-Ethylmalonyl-CoA; (2R)-Ethylmalonoyl-CoA	(2R)-Ethylmalonyl-carnitine; (2R)-Ethylmalonoyl-carnitine
C20321	[(2R)-3,3,4-Trimethyl-6-oxo-3,6-dihydro-1H-pyran-2-yl]acetyl-CoA; [(2R)-3,3,4-Trimethyl-6-oxo-3,6-dihydro-1H-pyran-2-yl]acetoyl-CoA	[(2R)-3,3,4-Trimethyl-6-oxo-3,6-dihydro-1H-pyran-2-yl]acetyl-carnitine; [(2R)-3,3,4-Trimethyl-6-oxo-3,6-dihydro-1H-pyran-2-yl]acetoyl-carnitine
C20394	2-Hydroxybenzoyl-CoA; Salicoyl-CoA; 2-Hydroxybenzyl-CoA; Salicyl-CoA	2-Hydroxybenzoyl-carnitine; Salicoyl-carnitine; 2-Hydroxybenzyl-carnitine; Salicyl-carnitine
C20413	3,5,7-Trioxododecanoyl-CoA; 3,5,7-Trioxododecanyl-CoA	3,5,7-Trioxododecanoyl-carnitine; 3,5,7-Trioxododecanyl-carnitine
C20447	2-Oxoglutaryl-CoA; 2-Oxoglutaroyl-CoA	2-Oxoglutaryl-carnitine; 2-Oxoglutaroyl-carnitine
C20675	Short-chain acyl-CoA; Short-chain acoyl-CoA	Short-chain acyl-carnitine; Short-chain acoyl-carnitine
C20676	Short-chain trans-2,3-dehydroacyl-CoA; Short-chain trans-2,3-dehydroacoyl-CoA	Short-chain trans-2,3-dehydroacyl-carnitine; Short-chain trans-2,3-dehydroacoyl-carnitine
C20746	(3R)-Citramalyl-CoA; D-Citramalyl-CoA; (R)-Citramalyl-CoA; (3R)-Citramaloyl-CoA; D-Citramaloyl-CoA; (R)-Citramaloyl-CoA	(3R)-Citramalyl-carnitine; D-Citramalyl-carnitine; (R)-Citramalyl-carnitine; (3R)-Citramaloyl-carnitine; D-Citramaloyl-carnitine; (R)-Citramaloyl-carnitine
C20747	(R)-Malyl-CoA; (3R)-3-Carboxy-3-hydroxypropanoyl-CoA	(R)-Malyl-carnitine; (3R)-3-Carboxy-3-hydroxypropanoyl-carnitine
C20748	(E)-4-(Trimethylammonio)but-2-enoyl-CoA; Crotonobetainyl-CoA	(E)-4-(Trimethylammonio)but-2-enoyl-carnitine; Crotonobetainyl-carnitine
C20749	4-Trimethylammoniobutanoyl-CoA; gamma-Butyrobetainyl-CoA	4-Trimethylammoniobutanoyl-carnitine; gamma-Butyrobetainyl-carnitine
C20750	L-Carnitinyl-CoA; L-Carnitinoyl-CoA	L-Carnitinyl-carnitine; L-Carnitinoyl-carnitine
C20838	3-[(3aS,4S,7aS)-7a-Methyl-1,5-dioxo-octahydro-1H-inden-4-yl]propanoyl-CoA; HIP-CoA; 3-[(3aS,4S,7aS)-7a-Methyl-1,5-dioxo-octahydro-1H-inden-4-yl]propanyl-CoA; HIP-CoA	3-[(3aS,4S,7aS)-7a-Methyl-1,5-dioxo-octahydro-1H-inden-4-yl]propanoyl-carnitine; HIP-carnitine; 3-[(3aS,4S,7aS)-7a-Methyl-1,5-dioxo-octahydro-1H-inden-4-yl]propanyl-carnitine; HIP-carnitine
C20840	(25S)-3-Oxocholest-4-en-26-oyl-CoA; (25S)-3-Oxocholest-4-en-26-yl-CoA	(25S)-3-Oxocholest-4-en-26-oyl-carnitine; (25S)-3-Oxocholest-4-en-26-yl-carnitine
C20842	2-Hydroxy-7-methoxy-5-methyl-1-naphthoyl-CoA; 2-Hydroxy-7-methoxy-5-methyl-1-naphthyl-CoA	2-Hydroxy-7-methoxy-5-methyl-1-naphthoyl-carnitine; 2-Hydroxy-7-methoxy-5-methyl-1-naphthyl-carnitine
C20870	3-(Methylthio)propanoyl-CoA; 3-(Methylsulfanyl)propanoyl-CoA; 3-(Methylthio)propanyl-CoA; 3-(Methylsulfanyl)propanyl-CoA	3-(Methylthio)propanoyl-carnitine; 3-(Methylsulfanyl)propanoyl-carnitine; 3-(Methylthio)propanyl-carnitine; 3-(Methylsulfanyl)propanyl-carnitine
C20876	Very-long-chain acyl-CoA; Very-long-chain acoyl-CoA	Very-long-chain acyl-carnitine; Very-long-chain acoyl-carnitine
C20877	Very-long-chain 3-oxoacyl-CoA; Very-long-chain 3-oxoacoyl-CoA	Very-long-chain 3-oxoacyl-carnitine; Very-long-chain 3-oxoacoyl-carnitine
C20878	Very-long-chain (3R)-3-hydroxyacyl-CoA; Very-long-chain (3R)-3-hydroxyacoyl-CoA	Very-long-chain (3R)-3-hydroxyacyl-carnitine; Very-long-chain (3R)-3-hydroxyacoyl-carnitine
C20879	Very-long-chain trans-2,3-dehydroacyl-CoA; Very-long-chain trans-2,3-dehydroacoyl-CoA	Very-long-chain trans-2,3-dehydroacyl-carnitine; Very-long-chain trans-2,3-dehydroacoyl-carnitine
C20947	(Z)-Icos-5-enoyl-CoA; (Z)-Icos-5-enyl-CoA	(Z)-Icos-5-enoyl-carnitine; (Z)-Icos-5-enyl-carnitine
C20955	3-(Methylthio)acryloyl-CoA; Methylthioacryloyl-CoA; 3-(Methylsulfanyl)acryloyl-CoA; 3-(Methylthio)acrylyl-CoA; Methylthioacrylyl-CoA; 3-(Methylsulfanyl)acrylyl-CoA	3-(Methylthio)acryloyl-carnitine; Methylthioacryloyl-carnitine; 3-(Methylsulfanyl)acryloyl-carnitine; 3-(Methylthio)acrylyl-carnitine; Methylthioacrylyl-carnitine; 3-(Methylsulfanyl)acrylyl-carnitine
C20968	3-Hydroxy-3-(methylthio)propanoyl-CoA; 3-Hydroxy-3-(methylsulfanyl)propanoyl-CoA; 3-Hydroxy-3-(methylthio)propanyl-CoA; 3-Hydroxy-3-(methylsulfanyl)propanyl-CoA	3-Hydroxy-3-(methylthio)propanoyl-carnitine; 3-Hydroxy-3-(methylsulfanyl)propanoyl-carnitine; 3-Hydroxy-3-(methylthio)propanyl-carnitine; 3-Hydroxy-3-(methylsulfanyl)propanyl-carnitine
C20987	3-Sulfinopropanoyl-CoA; 3-Sulfinopropanyl-CoA	3-Sulfinopropanoyl-carnitine; 3-Sulfinopropanyl-carnitine
C20996	(14E)-Hexadec-14-enoyl-CoA; (14E)-Hexadec-14-enyl-CoA	(14E)-Hexadec-14-enoyl-carnitine; (14E)-Hexadec-14-enyl-carnitine
C20997	(14Z)-Hexadec-14-enoyl-CoA; (14Z)-Hexadec-14-enyl-CoA	(14Z)-Hexadec-14-enoyl-carnitine; (14Z)-Hexadec-14-enyl-carnitine
C20998	(11Z)-Hexadec-11-enoyl-CoA; (11Z)-Hexadec-11-enyl-CoA	(11Z)-Hexadec-11-enoyl-carnitine; (11Z)-Hexadec-11-enyl-carnitine
C20999	(10E,12Z)-Hexadeca-10,12-dienoyl-CoA; (10E,12Z)-Hexadeca-10,12-dienyl-CoA	(10E,12Z)-Hexadeca-10,12-dienoyl-carnitine; (10E,12Z)-Hexadeca-10,12-dienyl-carnitine
C21000	(9Z,12Z)-Hexadeca-9,12-dienoyl-CoA; (9Z,12Z)-Hexadeca-9,12-dienyl-CoA	(9Z,12Z)-Hexadeca-9,12-dienoyl-carnitine; (9Z,12Z)-Hexadeca-9,12-dienyl-carnitine
C21005	18-Hydroxyoleoyl-CoA; 18-Hydroxyoleyl-CoA	18-Hydroxyoleoyl-carnitine; 18-Hydroxyoleyl-carnitine
C21006	18-Hydroxylinoleoyl-CoA; 18-Hydroxylinoleyl-CoA	18-Hydroxylinoleoyl-carnitine; 18-Hydroxylinoleyl-carnitine
C21072	Palmitoleoyl-CoA; (9Z)-Hexadec-9-enoyl-CoA; (9Z)-Hexadecenoyl-CoA; 9Z-Hexadecenoyl-CoA; Palmitoleyl-CoA; (9Z)-Hexadec-9-enyl-CoA; (9Z)-Hexadecenyl-CoA; 9Z-Hexadecenyl-CoA	Palmitoleoyl-carnitine; (9Z)-Hexadec-9-enoyl-carnitine; (9Z)-Hexadecenoyl-carnitine; 9Z-Hexadecenoyl-carnitine; Palmitoleyl-carnitine; (9Z)-Hexadec-9-enyl-carnitine; (9Z)-Hexadecenyl-carnitine; 9Z-Hexadecenyl-carnitine
C21081	Gentisyl-CoA; 2,5-Dihydroxybenzoyl-CoA	Gentisyl-carnitine; 2,5-Dihydroxybenzoyl-carnitine
C21082	(5Z,11Z,14Z)-Icosa-5,11,14-trienoyl-CoA; (5Z,11Z,14Z)-Icosa-5,11,14-trienyl-CoA	(5Z,11Z,14Z)-Icosa-5,11,14-trienoyl-carnitine; (5Z,11Z,14Z)-Icosa-5,11,14-trienyl-carnitine
C21083	(5Z,11Z,14Z,17Z)-Icosa-5,11,14,17-tetraenoyl-CoA; (5Z,11Z,14Z,17Z)-Icosa-5,11,14,17-tetraenyl-CoA	(5Z,11Z,14Z,17Z)-Icosa-5,11,14,17-tetraenoyl-carnitine; (5Z,11Z,14Z,17Z)-Icosa-5,11,14,17-tetraenyl-carnitine
C21089	(R)-2-Hydroxyisocaproyl-CoA; (R)-2-Hydroxy-4-methylpentanoyl-CoA; (R)-2-Hydroxyisocapryl-CoA; (R)-2-Hydroxy-4-methylpentanyl-CoA	(R)-2-Hydroxyisocaproyl-carnitine; (R)-2-Hydroxy-4-methylpentanoyl-carnitine; (R)-2-Hydroxyisocapryl-carnitine; (R)-2-Hydroxy-4-methylpentanyl-carnitine
C21090	Isocaprenoyl-CoA; (E)-2-Isocaprenoyl-CoA; 4-Methylpent-2-enoyl-CoA; Isocaprenyl-CoA; (E)-2-Isocaprenyl-CoA; 4-Methylpent-2-enyl-CoA	Isocaprenoyl-carnitine; (E)-2-Isocaprenoyl-carnitine; 4-Methylpent-2-enoyl-carnitine; Isocaprenyl-carnitine; (E)-2-Isocaprenyl-carnitine; 4-Methylpent-2-enyl-carnitine
C21175	Dihydrocaffeoyl-CoA; 3-(3,4-Dihydroxyphenyl)propanoyl-CoA; Hydrocaffeyl-CoA	Dihydrocaffeoyl-carnitine; 3-(3,4-Dihydroxyphenyl)propanoyl-carnitine; Hydrocaffeyl-carnitine
C21287	2-Hydroxyisobutanoyl-CoA; 2-Hydroxy-2-methylpropanoyl-CoA; 2-Hydroxyisobutanyl-CoA; 2-Hydroxy-2-methylpropanyl-CoA	2-Hydroxyisobutanoyl-carnitine; 2-Hydroxy-2-methylpropanoyl-carnitine; 2-Hydroxyisobutanyl-carnitine; 2-Hydroxy-2-methylpropanyl-carnitine
C21312	6-Methylsalicylyl-CoA; 6-Methylsalicyloyl-CoA	6-Methylsalicylyl-carnitine; 6-Methylsalicyloyl-carnitine
C21313	3,6-Dimethylsalicylyl-CoA; 3,6-Dimethylsalicyloyl-CoA	3,6-Dimethylsalicylyl-carnitine; 3,6-Dimethylsalicyloyl-carnitine
C21324	3-Hydroxy-7,8-dimethoxy-6-isopropoxy-2-naphthoyl-CoA; 3-Hydroxy-7,8-dimethoxy-6-isopropoxy-2-naphthyl-CoA	3-Hydroxy-7,8-dimethoxy-6-isopropoxy-2-naphthoyl-carnitine; 3-Hydroxy-7,8-dimethoxy-6-isopropoxy-2-naphthyl-carnitine
C21400	Isocaproyl-CoA; 4-Methylpentanoyl-CoA; Isocapryl-CoA; 4-Methylpentanyl-CoA	Isocaproyl-carnitine; 4-Methylpentanoyl-carnitine; Isocapryl-carnitine; 4-Methylpentanyl-carnitine
C21449	Lithocholoyl-CoA; Lithocholyl-CoA	Lithocholoyl-carnitine; Lithocholyl-carnitine
C21452	(2-Aminobenzoyl)acetyl-CoA; 2-Aminobenzoylacetyl-CoA; (2-Aminobenzoyl)acetoyl-CoA; 2-Aminobenzoylacetoyl-CoA	(2-Aminobenzoyl)acetyl-carnitine; 2-Aminobenzoylacetyl-carnitine; (2-Aminobenzoyl)acetoyl-carnitine; 2-Aminobenzoylacetoyl-carnitine
C21459	6-Hydroxyferuloyl-CoA; 6-Hydroxyferulyl-CoA	6-Hydroxyferuloyl-carnitine; 6-Hydroxyferulyl-carnitine
C21469	7alpha,12alpha-Dihydroxy-3-oxochol-4-en-24-oyl-CoA; 7alpha,12alpha-Dihydroxy-3-oxochol-4-en-24-yl-CoA	7alpha,12alpha-Dihydroxy-3-oxochol-4-en-24-oyl-carnitine; 7alpha,12alpha-Dihydroxy-3-oxochol-4-en-24-yl-carnitine
C21470	12alpha-Hydroxy-3-oxochola-4,6-dien-24-oyl-CoA; 12alpha-Hydroxy-3-oxochola-4,6-dien-24-yl-CoA	12alpha-Hydroxy-3-oxochola-4,6-dien-24-oyl-carnitine; 12alpha-Hydroxy-3-oxochola-4,6-dien-24-yl-carnitine
C21471	7alpha-Hydroxy-3-oxochol-4-en-24-oyl-CoA; 3-Oxo-Delta4-chenodeoxycholyl-CoA	7alpha-Hydroxy-3-oxochol-4-en-24-oyl-carnitine; 3-Oxo-Delta4-chenodeoxycholyl-carnitine
C21472	3-Oxochola-4,6-dien-24-oyl-CoA; 3-Oxo-Delta4,6-lithocholyl-CoA	3-Oxochola-4,6-dien-24-oyl-carnitine; 3-Oxo-Delta4,6-lithocholyl-carnitine
C21528	(9Z,12Z)-Hexadeca-9,12,15-trienoyl-CoA; (9Z,12Z)-Hexadeca-9,12,15-trienyl-CoA	(9Z,12Z)-Hexadeca-9,12,15-trienoyl-carnitine; (9Z,12Z)-Hexadeca-9,12,15-trienyl-carnitine
C21772	L-Firefly luciferyl-CoA; L-Firefly luciferoyl-CoA	L-Firefly luciferyl-carnitine; L-Firefly luciferoyl-carnitine
C21905	3-Oxocholan-24-oyl-CoA; 3-Oxocholan-24-yl-CoA	3-Oxocholan-24-oyl-carnitine; 3-Oxocholan-24-yl-carnitine
C21906	3-Oxochol-4-en-24-oyl-CoA; 3-Oxochol-4-en-24-yl-CoA	3-Oxochol-4-en-24-oyl-carnitine; 3-Oxochol-4-en-24-yl-carnitine
C21907	12alpha-Hydroxy-3-oxocholan-24-oyl-CoA; 12alpha-Hydroxy-3-oxocholan-24-yl-CoA	12alpha-Hydroxy-3-oxocholan-24-oyl-carnitine; 12alpha-Hydroxy-3-oxocholan-24-yl-carnitine
C21908	12alpha-Hydroxy-3-oxochol-4-en-24-oyl-CoA; 12alpha-Hydroxy-3-oxochol-4-en-24-yl-CoA	12alpha-Hydroxy-3-oxochol-4-en-24-oyl-carnitine; 12alpha-Hydroxy-3-oxochol-4-en-24-yl-carnitine
C21909	7alpha-Hydroxy-3-oxochol-24-oyl-CoA; 3-Oxochenodeoxycholoyl-CoA; 7alpha-Hydroxy-3-oxochol-24-yl-CoA; 3-Oxochenodeoxycholyl-CoA	7alpha-Hydroxy-3-oxochol-24-oyl-carnitine; 3-Oxochenodeoxycholoyl-carnitine; 7alpha-Hydroxy-3-oxochol-24-yl-carnitine; 3-Oxochenodeoxycholyl-carnitine
C21910	7alpha,12alpha-Dihydroxy-3-oxochol-24-oyl-CoA; 3-Oxocholoyl-CoA; 7alpha,12alpha-Dihydroxy-3-oxochol-24-yl-CoA; 3-Oxocholyl-CoA	7alpha,12alpha-Dihydroxy-3-oxochol-24-oyl-carnitine; 3-Oxocholoyl-carnitine; 7alpha,12alpha-Dihydroxy-3-oxochol-24-yl-carnitine; 3-Oxocholyl-carnitine
C21911	7beta-Hydroxy-3-oxochol-24-oyl-CoA; 7beta-Hydroxy-3-oxochol-24-yl-CoA	7beta-Hydroxy-3-oxochol-24-oyl-carnitine; 7beta-Hydroxy-3-oxochol-24-yl-carnitine
C21912	7beta-Hydroxy-3-oxochol-4-en-24-oyl-CoA; 7beta-Hydroxy-3-oxochol-4-en-24-yl-CoA	7beta-Hydroxy-3-oxochol-4-en-24-oyl-carnitine; 7beta-Hydroxy-3-oxochol-4-en-24-yl-carnitine
C21913	Dihydro-4-coumaroyl-CoA; Dihydro-4-coumaryl-CoA	Dihydro-4-coumaroyl-carnitine; Dihydro-4-coumaryl-carnitine
C21914	Dihydroferuloyl-CoA; Dihydroferulyl-CoA	Dihydroferuloyl-carnitine; Dihydroferulyl-carnitine
C21926	Medium-chain acyl-CoA; Medium-chain acoyl-CoA	Medium-chain acyl-carnitine; Medium-chain acoyl-carnitine
C21932	Cerotoyl-CoA; Hexacosanoyl-CoA; Cerotyl-CoA; Hexacosanyl-CoA	Cerotoyl-carnitine; Hexacosanoyl-carnitine; Cerotyl-carnitine; Hexacosanyl-carnitine
C21934	Montanoyl-CoA; Octacosanoyl-CoA; Montanyl-CoA; Octacosanyl-CoA	Montanoyl-carnitine; Octacosanoyl-carnitine; Montanyl-carnitine; Octacosanyl-carnitine
C21935	(6Z,9Z)-Octadecadienoyl-CoA; 6Z,9Z-Octadecadienoyl-CoA; (6Z,9Z)-Octadecadienyl-CoA; 6Z,9Z-Octadecadienyl-CoA	(6Z,9Z)-Octadecadienoyl-carnitine; 6Z,9Z-Octadecadienoyl-carnitine; (6Z,9Z)-Octadecadienyl-carnitine; 6Z,9Z-Octadecadienyl-carnitine
C21937	(8Z,11Z)-Icosadienoyl-CoA; (8Z,11Z)-Eicosadienoyl-CoA; 8Z,11Z-Eicosadienoyl-CoA; (8Z,11Z)-Icosadienyl-CoA; (8Z,11Z)-Eicosadienyl-CoA; 8Z,11Z-Eicosadienyl-CoA	(8Z,11Z)-Icosadienoyl-carnitine; (8Z,11Z)-Eicosadienoyl-carnitine; 8Z,11Z-Eicosadienoyl-carnitine; (8Z,11Z)-Icosadienyl-carnitine; (8Z,11Z)-Eicosadienyl-carnitine; 8Z,11Z-Eicosadienyl-carnitine
C21939	(5Z,8Z,11Z)-Icosatrienoyl-CoA; (5Z,8Z,11Z)-Eicosatrienoyl-CoA; 5Z,8Z,11Z-Eicosatrienoyl-CoA; (5Z,8Z,11Z)-Icosatrienyl-CoA; (5Z,8Z,11Z)-Eicosatrienyl-CoA; 5Z,8Z,11Z-Eicosatrienyl-CoA	(5Z,8Z,11Z)-Icosatrienoyl-carnitine; (5Z,8Z,11Z)-Eicosatrienoyl-carnitine; 5Z,8Z,11Z-Eicosatrienoyl-carnitine; (5Z,8Z,11Z)-Icosatrienyl-carnitine; (5Z,8Z,11Z)-Eicosatrienyl-carnitine; 5Z,8Z,11Z-Eicosatrienyl-carnitine
C21941	(7Z,10Z,13Z)-Docosatrienoyl-CoA; (7Z,10Z,13Z)-Docosatrienyl-CoA	(7Z,10Z,13Z)-Docosatrienoyl-carnitine; (7Z,10Z,13Z)-Docosatrienyl-carnitine
C21943	Sapienoyl-CoA; (6Z)-Hexadecenoyl-CoA; Sapienyl-CoA; (6Z)-Hexadecenyl-CoA	Sapienoyl-carnitine; (6Z)-Hexadecenoyl-carnitine; Sapienyl-carnitine; (6Z)-Hexadecenyl-carnitine
C21945	cis-Vaccenoyl-CoA; (11Z)-Octadecenoyl-CoA; cis-Vaccenyl-CoA; (11Z)-Octadecenyl-CoA	cis-Vaccenoyl-carnitine; (11Z)-Octadecenoyl-carnitine; cis-Vaccenyl-carnitine; (11Z)-Octadecenyl-carnitine
C21947	Paullinoyl-CoA; (13Z)-Icosenoyl-CoA; (13Z)-Eicosenoyl-CoA; Paullinyl-CoA; (13Z)-Icosenyl-CoA; (13Z)-Eicosenyl-CoA	Paullinoyl-carnitine; (13Z)-Icosenoyl-carnitine; (13Z)-Eicosenoyl-carnitine; Paullinyl-carnitine; (13Z)-Icosenyl-carnitine; (13Z)-Eicosenyl-carnitine
C21949	(11Z,14Z,17Z,20Z,23Z)-Hexacosapentaenoyl-CoA; (11Z,14Z,17Z,20Z,23Z)-Hexacosapentaenyl-CoA	(11Z,14Z,17Z,20Z,23Z)-Hexacosapentaenoyl-carnitine; (11Z,14Z,17Z,20Z,23Z)-Hexacosapentaenyl-carnitine
C21951	(13Z,16Z,19Z,22Z,25Z)-Octacosapentaenoyl-CoA; (13Z,16Z,19Z,22Z,25Z)-Octacosapentaenyl-CoA	(13Z,16Z,19Z,22Z,25Z)-Octacosapentaenoyl-carnitine; (13Z,16Z,19Z,22Z,25Z)-Octacosapentaenyl-carnitine
C21953	(8Z,11Z,14Z,17Z,20Z,23Z)-Hexacosahexaenoyl-CoA; (8Z,11Z,14Z,17Z,20Z,23Z)-Hexacosahexaenyl-CoA	(8Z,11Z,14Z,17Z,20Z,23Z)-Hexacosahexaenoyl-carnitine; (8Z,11Z,14Z,17Z,20Z,23Z)-Hexacosahexaenyl-carnitine
C21959	(10Z,13Z,16Z,19Z,22Z,25Z)-Octacosahexaenoyl-CoA; (10Z,13Z,16Z,19Z,22Z,25Z)-Octacosahexaenyl-CoA	(10Z,13Z,16Z,19Z,22Z,25Z)-Octacosahexaenoyl-carnitine; (10Z,13Z,16Z,19Z,22Z,25Z)-Octacosahexaenyl-carnitine
C21961	(11Z,14Z,17Z,20Z)-Hexacosatetraenoyl-CoA; (11Z,14Z,17Z,20Z)-Hexacosatetraenyl-CoA	(11Z,14Z,17Z,20Z)-Hexacosatetraenoyl-carnitine; (11Z,14Z,17Z,20Z)-Hexacosatetraenyl-carnitine
C21963	(13Z,16Z,19Z,22Z)-Octacosatetraenoyl-CoA; (13Z,16Z,19Z,22Z)-Octacosatetraenyl-CoA	(13Z,16Z,19Z,22Z)-Octacosatetraenoyl-carnitine; (13Z,16Z,19Z,22Z)-Octacosatetraenyl-carnitine
C21965	(8Z,11Z,14Z,17Z,20Z)-Hexacosapentaenoyl-CoA; (8Z,11Z,14Z,17Z,20Z)-Hexacosapentaenyl-CoA	(8Z,11Z,14Z,17Z,20Z)-Hexacosapentaenoyl-carnitine; (8Z,11Z,14Z,17Z,20Z)-Hexacosapentaenyl-carnitine
C21967	(10Z,13Z,16Z,19Z,22Z)-Octacosapentaenoyl-CoA; (10Z,13Z,16Z,19Z,22Z)-Octacosapentaenyl-CoA	(10Z,13Z,16Z,19Z,22Z)-Octacosapentaenoyl-carnitine; (10Z,13Z,16Z,19Z,22Z)-Octacosapentaenyl-carnitine
C21981	(6Z,9Z)-Hexadecadienoyl-CoA; (6Z,9Z)-Hexadecadienyl-CoA	(6Z,9Z)-Hexadecadienoyl-carnitine; (6Z,9Z)-Hexadecadienyl-carnitine
C22062	Mycolipenoyl-CoA; Mycolipenyl-CoA	Mycolipenoyl-carnitine; Mycolipenyl-carnitine
C22070	2,4-Dihydroxycinnamoyl-CoA; (2E)-3-(2,4-Dihydroxyphenyl)prop-2-enoyl-CoA; 2,4-Dihydroxycinnamyl-CoA; (2E)-3-(2,4-Dihydroxyphenyl)prop-2-enyl-CoA	2,4-Dihydroxycinnamoyl-carnitine; (2E)-3-(2,4-Dihydroxyphenyl)prop-2-enoyl-carnitine; 2,4-Dihydroxycinnamyl-carnitine; (2E)-3-(2,4-Dihydroxyphenyl)prop-2-enyl-carnitine
C22178	4-Nitrobenzoyl-CoA; 4-Nitrobenzyl-CoA	4-Nitrobenzoyl-carnitine; 4-Nitrobenzyl-carnitine
C22204	Isophthalyl-CoA; Isophthaloyl-CoA	Isophthalyl-carnitine; Isophthaloyl-carnitine
C22205	(R)-3-(4-Hydroxyphenyl)lactoyl-CoA; (R)-3-(4-Hydroxyphenyl)lactyl-CoA	(R)-3-(4-Hydroxyphenyl)lactoyl-carnitine; (R)-3-(4-Hydroxyphenyl)lactyl-carnitine
C22206	(R)-3-(Indol-3-yl)lactoyl-CoA; (R)-3-Indolelactyl-CoA	(R)-3-(Indol-3-yl)lactoyl-carnitine; (R)-3-Indolelactyl-carnitine
C22207	3-(Indol-3-yl)acryloyl-CoA; 3-(Indol-3-yl)acrylyl-CoA	3-(Indol-3-yl)acryloyl-carnitine; 3-(Indol-3-yl)acrylyl-carnitine
C22212	Marinoloyl-CoA; Marinolyl-CoA	Marinoloyl-carnitine; Marinolyl-carnitine
C22214	Pseudomonoyl-CoA; Pseudomonyl-CoA	Pseudomonoyl-carnitine; Pseudomonyl-carnitine
C22258	(2E,4Z)-2,4-Dienoyl-CoA; (2E,4Z)-2,4-Dienyl-CoA	(2E,4Z)-2,4-Dienoyl-carnitine; (2E,4Z)-2,4-Dienyl-carnitine
C22289	(6E)-8-Methylnon-6-enoyl-CoA; 8-Methylnon-6-enoyl-CoA; (6E)-8-Methylnon-6-enyl-CoA; 8-Methylnon-6-enyl-CoA	(6E)-8-Methylnon-6-enoyl-carnitine; 8-Methylnon-6-enoyl-carnitine; (6E)-8-Methylnon-6-enyl-carnitine; 8-Methylnon-6-enyl-carnitine
C22401	2-Hydroxy-3-methyl-fatty-acyl-CoA; 2-Hydroxy-3-methyl-fatty-acoyl-CoA	2-Hydroxy-3-methyl-fatty-acyl-carnitine; 2-Hydroxy-3-methyl-fatty-acoyl-carnitine
C22405	(2R)-2-Hydroxy-long-chain fatty acyl-CoA; (2R)-2-Hydroxy-long-chain fatty acoyl-CoA	(2R)-2-Hydroxy-long-chain fatty acyl-carnitine; (2R)-2-Hydroxy-long-chain fatty acoyl-carnitine
C22487	Benzylmalonyl-CoA; Benzylmalonoyl-CoA	Benzylmalonyl-carnitine; Benzylmalonoyl-carnitine
C22495	2-Phenylsuccinyl-CoA; 2-Phenylsuccinoyl-CoA	2-Phenylsuccinyl-carnitine; 2-Phenylsuccinoyl-carnitine
C22496	3-Phenylsuccinyl-CoA; 3-Phenylsuccinoyl-CoA	3-Phenylsuccinyl-carnitine; 3-Phenylsuccinoyl-carnitine
